Km30,Km90,Km92.5,Km111,Km135,Km137.5,Km143,Caudal,Obstruccion,Ubicacion,Grado
500.87758768494604,4.900515730363174,4.930564474259525,4.9129237365362615,5.082558723734956,4.95243413801652,5.045397681084324,92.75689493129593,No,Ninguna,0
504.80429409373477,5.089960447532483,4.970877616441289,4.98531623528638,4.982164323050391,5.0333453919660025,4.930532751369427,96.71303969924678,Si,143,30
505.6071991901787,5.063072996953944,5.006045262235396,5.023569584415788,5.063403681064508,4.998319229518065,5.083864810847883,104.23987878753806,Si,90,50
508.7320912982729,5.078340496314065,4.961572381743853,5.013395040882496,5.038387739179468,5.049053841540463,5.040098198176399,88.02668311506784,Si,135,70
497.8644502419291,4.917169133662242,5.0241048874452074,4.929592059973536,5.044338206639369,5.038880179707534,5.024140318752294,133.26905280078978,Si,111,50
502.04071621097484,4.902145162595332,5.0362372007920015,4.9353549156175,4.949704481803218,4.928606261314093,5.09236000652947,126.27306936729373,Si,137.5,30
494.08718048574195,5.067497109834799,4.913342437608913,5.044104162126181,5.04358785398546,4.951369494704263,4.998076739575921,84.37015773525022,Si,143,30
501.44687060873207,4.9452868414359346,5.025392329367617,5.032475910107039,5.0741558536691995,4.901056087959968,4.984507969689318,122.5236507365482,Si,137.5,30
509.60270113538587,4.923243089313462,4.929542899304571,4.903642474680971,4.923508858484623,4.953019161861256,4.904589568045241,148.01611674833407,Si,135,30
498.17812677481123,5.088943451705417,5.0401120482593855,5.0708204001389925,5.078999008194316,4.940898405314803,5.012667099551146,82.51833568078318,Si,111,50
493.213510116308,4.92127698342408,5.069134931035468,4.9290990296279436,5.017261691574634,5.008705009302756,4.91989754470225,129.32654566540793,No,Ninguna,0
495.5111713962986,5.072182510689514,4.997469252859508,5.080772106674548,4.979108026860888,5.056140664859403,5.092354954432989,80.28550214748742,Si,90,50
490.5290317259153,4.940643171798511,5.070906428024696,5.058239579032534,5.01553799481287,4.932301309210984,4.981610254585747,136.37736183123084,Si,137.5,10
497.64590721865494,5.03584772450364,5.021921184137511,4.978898284604205,4.929389643429071,4.982810657855614,4.997881643188156,147.53735230234608,Si,143,10
495.2376045512893,4.909914337395365,4.922651542896039,4.989630736803648,4.924932597221427,5.016780572987292,5.004468852320582,84.10250297999274,No,Ninguna,0
506.26967876511446,4.9809272761957555,4.947006660524505,4.9137304068539684,4.96121544077469,5.068120439913822,4.936809776142861,125.47380879635892,Si,90,50
491.8452851996115,4.976776288848721,4.921660115306334,4.9588828746327485,4.9080469305796655,5.080097840460407,4.964750191108516,119.180900946544,Si,137.5,10
492.3558251619976,5.069626261191921,4.977111804521945,4.999319154802537,5.074389438001065,4.969975644491797,4.950901381084309,131.33446666468222,Si,137.5,30
491.7071626372664,5.054579659370172,5.069854402672569,5.096803398820741,4.940872118944318,4.964600852824419,5.059870820369115,96.3455776465945,No,Ninguna,0
507.629044183192,5.099165813636629,5.048088553120433,4.95192855420348,5.056382911713007,5.026617849242375,4.904773047682577,141.8502395188972,No,Ninguna,0
502.76051668356473,5.085481362722057,4.992072801240289,4.985564454557582,5.057249893263612,5.0169936955165815,4.936966504303492,144.79238871626006,Si,30,50
490.49380672294194,5.030641562670382,5.013622430787082,5.054099044927441,4.949491057273654,4.956045887349659,5.094997514603147,140.93217279165998,No,Ninguna,0
496.58233148204715,5.069399980960236,5.028310455788503,5.013754920730598,4.923641500635757,5.062056461608087,5.058613094737047,103.27967763190838,Si,92.5,10
493.39175678673126,4.93703104184881,4.969535890697369,4.945624835903348,5.08261886518136,5.052076818543571,4.986049110900317,87.26088204911991,Si,90,50
495.26857298827264,5.096640661187487,5.075831774801794,4.984263385360707,5.068133152977744,4.98001027161441,4.995715580464127,138.31199656142755,No,Ninguna,0
504.2265502825642,5.037097665783863,5.096577826098773,4.903118439890727,4.996801733222209,4.928500683822747,5.02227745759116,82.75889901524889,Si,111,30
505.2300525740708,4.943126530571991,4.975187133051811,5.088325370115141,5.079181305783001,4.922670316569381,4.953941539907084,137.81488397896464,Si,92.5,70
507.9323107374005,4.901139410637367,4.92735095308441,5.0443312677059255,4.951252838279574,4.9009061062350066,5.066178530903336,88.95878588276291,Si,92.5,50
502.8731956979518,4.910121503932816,5.056281300981662,4.954234092950705,4.932242661603717,5.071270042388937,4.992140519333144,84.61337144123131,Si,137.5,30
501.4960772455016,4.998587343096219,5.0306998743752445,5.048314479971593,4.999284789519127,5.062294077294797,4.978741876540258,142.65510441821064,Si,92.5,50
507.7579660093684,4.960112811398467,4.961377178721531,4.97005901930253,4.974593210616029,5.096221547476885,5.072534490771977,102.06318023803964,Si,137.5,70
493.05723993042136,5.000080850857051,4.953238794654679,4.974738431326377,4.990387685452024,5.0668231261054055,5.068458440381451,94.55950888016186,Si,92.5,10
491.6969789486053,4.915751393435379,4.9984324901568264,4.965098520437581,4.964206716540095,4.900289200057171,4.995799661745531,104.11296412632066,Si,143,50
506.4751983701223,5.096435823753858,4.9949218892906515,4.9983937395544675,4.939582145971816,5.068162155398326,5.011410789854821,96.79405471053822,Si,111,30
491.6234475917332,5.008029479611293,4.91217337554001,4.961979979350376,5.047180370831623,4.991992929898915,5.025226377502081,117.26354742730126,Si,135,10
492.2057625619054,4.931104818944496,4.905633358773289,4.906189824718419,4.926762878715478,5.0189524337505045,5.0788336596062695,126.7265821795884,Si,30,30
502.72421404395453,4.9215625198383695,5.005212115522205,4.952072101598409,4.96770024521679,5.085602023297204,5.061316081768027,81.48245967497888,Si,135,70
509.1118402368441,5.05287065143402,5.06044525288603,4.928277984171815,5.030497755469861,4.971704676209491,5.0168963397564506,83.81395600024425,Si,135,50
497.7286546225293,5.051393076635545,4.908077696748605,4.966190368397157,5.004787280124248,4.961901733362286,4.975442222226629,105.12303117227351,Si,30,70
500.49557436957065,4.96384469017958,5.063962159416095,5.0874669915889354,5.051224684351428,5.044762701245118,4.988213986154853,82.16868664290632,Si,30,10
491.35845190866536,4.9168676945819785,4.921751049599189,4.9244103523168645,4.944744061197675,5.0303108920101804,5.029946393952465,124.1135394297713,Si,111,30
509.4314972191323,5.075058694211966,5.074673630030777,5.048189719224387,4.980655152853901,4.9626201916727535,4.992239729305947,99.77510037658227,Si,111,10
494.81781257131877,4.992675600018459,5.049416476293988,5.023671494446814,4.954303096903357,5.037521576515986,4.994554567165206,123.36692462397039,Si,137.5,10
505.38116947713866,4.981290046266552,4.982322330255104,5.0528356258429685,4.924850036647674,4.991282847130779,5.06710558293189,88.74940560651248,Si,137.5,70
490.51824155169606,5.0223920538343085,4.923801363392131,5.072773132024378,5.093327600084055,4.936966285753837,4.900426932906971,96.32575403843015,Si,135,10
491.3039246204909,4.972841714078842,5.088076729476522,4.923440760192524,5.015266539170048,4.9432503178651785,4.9421813732269415,140.8426903836467,No,Ninguna,0
506.5693337054593,4.952578783004599,5.094472966999385,4.940666123120525,5.097094465670631,4.918132053767797,5.03786757683418,96.3462446160416,No,Ninguna,0
509.76579927622424,4.9268536868224695,5.04513738937186,5.030274758734864,4.960633469920507,5.07716476645725,4.9955003585832145,144.67022027491856,No,Ninguna,0
507.229329006767,5.081367518940773,5.024055624527017,4.991772096287123,5.020505762918939,5.060730815994435,5.081418990299714,136.33609423365988,Si,30,10
502.4881110420262,4.938926720051659,4.954825942654383,5.070181302886531,5.072844142282069,5.007511550881211,5.003426231990187,110.43017059911665,Si,90,10
501.42303574073924,5.08917142360004,4.996920415956924,5.053573929647273,4.992676678157027,5.079636387765707,5.049199224341222,134.71493105341716,Si,30,30
497.8546595214021,5.019712646137397,4.987538202503528,4.918405537959017,5.030251360807205,5.038399239889078,5.051106941586947,102.80366392324099,Si,92.5,50
503.8556111403557,5.059184049931048,5.0994345104593,5.067756752306536,5.033701566210735,5.014683645781177,4.974791870748676,103.97472660385692,No,Ninguna,0
501.6439678317505,5.062275366302095,5.047287268419245,5.039709878184678,5.019016375812116,4.976078218743531,4.907525532995476,98.40870987118105,Si,92.5,10
504.56981482406206,4.96429611567117,5.096859093232975,4.917211311850973,5.083449224963805,5.041218682633283,4.924825903422535,132.44904957566695,Si,111,70
494.8124440936028,4.982528033996896,5.07966799287659,4.909620323253303,5.0373080707032365,5.019089290023165,5.05262361809903,127.54542829375276,Si,111,30
504.3265715359996,4.963763129201468,5.0709344512775845,5.000276309282362,5.072802002999005,4.947596557268944,4.910905507866894,102.38308543429785,Si,92.5,30
503.80068941334054,4.916523494925542,5.087533003206584,5.013078208817489,5.0306019683785,5.074346176035232,5.093714138243209,85.61883552054123,Si,135,50
498.92652314852654,4.974989179936549,5.089105590680741,4.943228714448331,4.960678060336522,5.0478048611730655,5.015117666496485,96.05579222419625,Si,111,70
503.7584653939958,4.91163650189192,4.984954369296471,5.02948677149225,4.930238366464696,4.936567770756784,5.069350961848122,99.2705996825862,No,Ninguna,0
508.34584849488647,5.023184075300664,5.0597367723478675,4.961992841624646,5.033959407192623,5.0193277128906795,5.004856871966192,137.8621104084118,Si,92.5,10
501.9540650056007,5.06689060333334,5.079558899175943,5.046257048624452,5.095904889926015,4.90143289656276,5.024624232575387,141.32860164465205,Si,90,50
504.239341218316,5.007044485009751,4.977351126509083,5.005123054593524,5.0742069024649155,5.013046739652348,4.923152440583153,100.1260362479992,No,Ninguna,0
493.46153168003747,4.996596947249099,5.034294790347659,5.097848409276502,5.085777265971559,5.081825274268762,5.030164390778174,104.32188351157978,Si,90,70
493.0609878422947,5.099380044530341,5.070503327370557,5.092421196316845,4.920353779004419,5.075313656786545,4.907134632115324,122.50620466699874,No,Ninguna,0
494.15350426876734,4.903285954969951,5.002219985045901,4.989333467906253,5.012458957629534,5.041438751455456,5.0057266831634974,129.35507606716382,Si,137.5,50
508.4941532916378,4.925501084765053,5.062995382251747,4.9960160206322275,5.038315105366413,4.914275955029424,4.927697740418261,88.77828684024117,No,Ninguna,0
495.41852903428077,5.012011780156167,5.019825833518292,4.931498720031851,5.091820675268569,5.067968102353685,5.0101907977913385,95.69633974577002,Si,30,70
491.41813733617454,5.088945596583673,5.060908754862127,5.038189119095864,4.941251864701308,4.920890226412653,4.928195261902521,117.70028705365934,Si,30,30
494.934230391331,5.066675556570168,5.006632736869888,4.944045812688016,4.904253144746306,4.9306334117420505,5.017464888095876,140.56355701815266,Si,111,70
497.20230589189924,4.945377562908939,4.962602062920329,4.967934291290155,4.9826294216947,4.964730870743601,4.907478773196787,96.20217639968422,Si,137.5,30
492.4891000262215,4.983995559786748,5.07490051013589,5.094904909814773,5.085025722212205,4.934402695127119,4.960957528502522,142.11276477475235,Si,111,30
507.5216401824843,5.098310512239302,5.054715594794229,5.073296948279095,5.082182630549806,5.0179456660779325,5.070593869503648,135.00265886345477,Si,135,10
491.44536102988167,5.053518362787286,4.973379806396072,5.083704253604296,4.944236549643624,4.994005841477398,4.985803668093889,133.19491188320595,Si,92.5,50
496.49204927790134,4.92914765847973,5.038431011386039,5.018201164301064,5.006953912636729,4.94321692859471,4.974099175329103,87.4718112683287,Si,111,30
499.0295920826301,5.053734235784823,5.0191651343985475,4.921027321372989,4.993779400468797,4.91400814183473,5.018738941902295,95.905955557812,No,Ninguna,0
497.1062990797367,4.945332324396371,4.921572597400742,5.027859544126514,4.963423056599755,5.037724477730076,5.0703412393603395,119.16177726074366,Si,92.5,70
498.5603342710239,4.954426709215898,4.959091643103605,5.0528334270991575,5.052240469453776,4.958115644875146,5.096842674605445,106.75603049676755,No,Ninguna,0
508.79448584408806,5.0385833578704755,4.93498330913751,4.98105164451625,4.921475187984096,5.014591626607737,5.063495411625258,106.89881729548802,Si,30,50
505.83208885708626,5.096014739300797,5.072115919277813,5.019510729058647,4.900972289010322,5.025369662998131,5.017166078751198,133.94417277031073,No,Ninguna,0
498.9548979033083,4.942071955401113,5.086309397410501,4.912698847391126,5.012710910009753,4.903549007776403,4.966550863353674,132.0062527705021,Si,92.5,70
507.8380382293898,5.046093910842034,4.963239876048686,4.918130245717573,5.047420298999246,4.93887749029578,4.9205654627853805,101.39601495286449,Si,92.5,50
501.87115391544665,5.0481469076927405,4.959039548528219,5.042730116515186,4.903758308009794,5.044430512827437,5.035270362163547,145.56394638725286,No,Ninguna,0
502.46003213661,5.030612561646407,5.035040527624657,4.96401623527487,5.062304274265096,4.965122702413584,4.95671577727272,94.76424408106031,Si,143,50
507.1175093170086,5.013851094815113,5.089611176682619,5.068144945988743,4.9952974218147315,4.9511783323887695,5.074903099062004,114.75638103798866,Si,135,10
495.6242085179975,4.973358185316651,4.986548067837128,4.96515432936968,4.956568016311117,5.086754909034791,4.984407465980824,88.76193306126419,Si,30,30
499.589855822836,4.919741808916222,4.934605302310549,5.091848486235763,4.90483291345365,5.089536709906174,4.953476513834335,126.65066590149631,Si,30,50
508.6225867445982,4.936604895210669,5.033173646726301,4.909977849429224,4.99871305314258,4.952730749247207,4.972091936856575,84.64039354722027,Si,137.5,70
503.04911715228076,5.098073836677861,5.053643117685873,5.043466572047971,4.9386651959603025,5.010648372455833,5.087045119909873,89.5634653364649,Si,90,30
498.25504591537566,4.960064881751813,4.965593907293718,5.073654185003947,5.073460645848872,5.071971521883713,4.912889868815534,135.12349976551803,No,Ninguna,0
503.92376008766416,4.9255289083197065,5.063977638957574,5.014319273395325,5.004918059909584,4.919195183249679,4.938973550431294,97.25650572572795,No,Ninguna,0
499.67839859299926,5.012107967173868,4.9898362743873665,5.071224128576959,4.955751899904297,5.098585975051261,4.903169865370219,86.13752471834795,Si,111,10
493.1173705202189,5.065502843796968,4.927913943310427,5.017837282669712,4.990980723512509,5.071417511832555,4.936594768823087,139.53516470827714,No,Ninguna,0
508.7804285622426,5.099164752796116,4.993652502422549,4.954371086181267,4.962362056069689,5.073934760649398,5.046391212701426,88.76280870342737,Si,92.5,70
508.9116132624743,4.9587135346439535,4.96241626886431,5.029800590004034,5.060600968625922,4.989091839880248,5.060245771736408,140.21321734578402,Si,135,10
505.1516185124949,5.058391643084891,4.99385162071674,4.983019311491135,4.925308067102267,4.944921804822718,4.922387011241903,97.27077625407432,No,Ninguna,0
501.39753188139576,5.032043226216933,5.040385227555619,5.073988386751346,5.023921338604172,5.059279227704002,5.029688908079777,113.43948590595788,Si,135,30
499.8808510204706,4.984225895542912,5.030895955250692,4.953603815391724,5.098561688741217,4.964098143404454,4.963880656956418,100.3418554423061,No,Ninguna,0
493.8345530508229,4.976606723913914,5.096363454064796,5.033016371781035,5.080965957375031,4.956226867533518,5.009003662017054,90.16774939180667,Si,135,10
507.6938971303831,5.065861351056507,4.9878661357463185,4.975055804306784,4.945163403643674,5.07750344763986,4.938369319695401,140.0244828657315,No,Ninguna,0
506.3475311933649,5.004428194079505,4.958099063944948,5.0713225950359675,4.983418493216483,5.067320869319083,5.051910073922344,96.22436043891956,Si,90,30
491.8555219311472,4.932412267407532,5.010470094835831,5.037926526366087,4.960347023518224,4.997372907069688,4.938621232490479,86.4911837774075,Si,92.5,10
498.4451487584152,5.0904171420918525,4.9338811461778995,5.01789210657766,5.013016138791095,5.0378957623003595,4.934628948684668,111.86530008550316,No,Ninguna,0
490.89586217606234,4.900763438922946,4.950227913144701,4.937803727438384,4.9039094156291725,5.06135221986555,5.0350540398660995,80.6706209417082,Si,111,50
508.4021438267326,4.934815495849086,4.97030197709279,4.994123803607555,4.9563501043144145,4.9639673383183665,4.9421152403415975,96.44040061447798,Si,135,10
490.8337455094481,5.070591576767592,4.948085388544896,5.018219924919027,4.921095657979427,5.062447077099364,5.001658215460093,98.86985982915245,No,Ninguna,0
496.8183365360751,4.971707389305645,4.996911957304372,4.920802682026949,4.907994619010699,4.90771741563865,4.909725808760732,141.21057432151298,No,Ninguna,0
503.80386695763247,4.9169133898758925,5.0550125746201,5.077642200199606,4.912755235799713,5.002257345337535,4.95211183415121,127.53412712089084,Si,90,10
492.37183238365014,4.964993416364123,4.989072795582611,4.901505486651287,5.022526664189171,5.074691095597327,5.008256183460737,87.82305863758799,No,Ninguna,0
501.9326272440719,5.077990907360936,5.0257641251754785,5.035495971939137,5.0451782450093425,5.082218754695406,5.078288636468883,130.94836502451855,Si,143,30
497.75766730788195,4.9122246203769055,4.977869064216431,4.967504177119774,4.971601850642698,5.0080236530166005,4.967059888543903,131.6492726366344,Si,90,70
495.7541210500176,4.907813615779097,5.076894381220135,5.074848803663079,4.902903776711498,5.081573868942213,5.058847686984285,91.75693192124014,Si,92.5,30
508.64142421780514,5.00950244085321,5.077845924884188,5.076059751676561,4.948895175962122,5.031826954741741,5.063911260206904,142.98813112676808,Si,135,30
504.8596923538707,5.009310537277486,5.0562385571660275,5.016813048467534,4.928792707640821,5.031481026384927,5.092679283572123,98.65852263084051,No,Ninguna,0
509.10129393499363,5.0141954099918,4.996011180975313,5.079789533894031,5.022730632044049,5.024767124041654,5.021433440223444,112.98586598911675,No,Ninguna,0
508.11401434518217,5.0901276608102926,5.0096186217827805,5.0225553568994155,4.987463405991856,5.007586629864319,5.032301154581913,135.47142868382306,No,Ninguna,0
505.6253632440353,5.049062171193368,4.964407860341656,4.9373005173053235,4.941765679303109,4.914394664169386,4.905876750736656,95.66462282530055,Si,135,30
494.77248754153607,4.989333309270822,5.057576305855558,4.961254194426051,5.080382720351192,5.006978442016279,4.938500135731663,122.8035227131316,No,Ninguna,0
499.8566591364138,5.087055046143018,4.98302955264195,5.022623238747246,5.092999628692559,4.908767210807285,5.069900398465967,102.2264870634737,No,Ninguna,0
504.41090007342245,5.056727844624803,5.081700637639132,4.970737685595091,4.933277718974515,5.060873043170816,5.062091792292604,149.11029228742746,Si,111,70
501.1500005325676,5.069158847451782,4.976934970224924,5.01178718605365,4.941292813910822,4.950817544141804,4.931231452595951,80.4042825553372,Si,137.5,70
497.38584260474556,5.002192916667093,4.987489459647581,4.930075457739227,5.0467498546016625,4.93360575771302,4.962494393016528,115.97368065441543,Si,30,70
500.8220946604563,4.946655680873581,4.9369726148414035,5.090076453377398,4.994691199939754,5.080047451467496,5.038199769252245,119.78160785801947,No,Ninguna,0
506.80350319298503,5.017124342625295,4.981049920033478,4.9638572595382,4.981188002633629,5.023411893368686,5.099806333073927,86.45898673031634,Si,90,10
493.21600701008214,4.962199104690422,5.029783425196322,4.94883437363623,5.030350088664299,5.0541461724426755,4.923316545190881,84.8560954491561,No,Ninguna,0
493.52276107166637,5.014447292729999,5.07559569055211,5.041955946727194,5.073578453441104,5.03033728137615,4.990672280098147,116.0862909197025,Si,90,70
506.6365378615816,5.076523044650726,5.098930956281561,5.086799107624227,4.929352276501575,4.98886241952181,4.99809574488842,131.95321987203369,Si,135,30
496.6220347810295,5.07742127045414,4.9266974331237146,5.0121359649830515,4.938582741609773,5.013094017088099,5.075035491166893,121.13808047061409,Si,137.5,50
505.12942157238314,5.064206025205114,5.0082227428399495,5.0178543534687305,5.021263997222536,4.9485266767078615,5.0409414389342135,143.06991243162818,Si,90,10
491.26117343920623,5.022691043845696,4.984606881876718,4.902516755492709,5.034946814511109,4.989277888029336,4.985255518960687,113.97429042060539,Si,111,50
508.675099800232,4.9901036233323754,4.972723024444105,5.062029126372228,5.065967052133271,4.904303388769946,5.031742817116011,113.01888468017862,Si,137.5,30
494.05725017904973,5.067045055402216,5.0344002934866,5.061172245642665,5.058485479402694,4.917828463824351,4.926722860843367,115.5443471962151,Si,137.5,10
490.08589220917855,4.990036868962424,4.97239407031481,5.030887023131483,4.978618160416227,4.989033890084003,5.054536437075706,128.92710020094367,Si,143,70
490.4556788325476,5.02260940055811,4.99775606196727,5.016736462598317,5.019097624764577,4.92008118984765,5.049130522755052,92.78577904208352,No,Ninguna,0
495.3333189526634,5.038884575720898,5.051448866466176,4.90053300545344,4.986272952283365,4.932043755935313,5.093251516801804,112.21844063993211,Si,90,10
507.93533369439484,5.021875535068496,5.08424439989427,5.034818857688355,5.09085476863401,5.084597982873439,5.030954048526764,92.62921667577677,Si,30,30
499.8108617784534,4.9119752813866,5.023714534159391,4.953384032508144,4.966813173345154,5.0626219428282955,5.082545190373783,89.98929046279362,No,Ninguna,0
498.8092066392805,4.972322135589045,4.940777925698048,5.032342438246017,5.066448867705297,4.9663017080963945,5.0299690423325085,97.29500160723391,No,Ninguna,0
504.810891515087,4.928687430601201,4.919080364198465,5.001205229734162,4.922955296064814,5.054427678816788,5.068888947559314,100.26602662500285,Si,143,70
496.7075744756908,4.957889960118754,4.950224229004703,4.914540760193037,5.070766740958806,5.08490885217965,5.060985542872989,112.37755278996684,No,Ninguna,0
505.0524652754023,4.915953141972686,4.922327512306794,4.981343674852865,4.958259055863496,5.08877226586783,5.061822890427164,136.50743706763825,No,Ninguna,0
495.8504909895385,4.9145065013289235,4.9394839004660405,4.95009058702654,4.923527018460798,5.096189061620419,4.913701870198408,145.54154312910077,Si,92.5,30
490.61425671736157,5.07327716975036,5.019265529626227,5.098617352082501,4.9758600478006985,5.062322345391109,5.089873657752528,95.87933730087299,Si,30,50
507.72896394796607,5.059614259196973,4.988807053308159,4.962949008251738,5.088362581673125,5.083246368258209,4.939427165117965,101.31223792651895,Si,30,70
497.59116322381874,4.9544809562207845,4.91574767841165,5.04909834396997,5.0958417606294715,4.951714411209831,4.996901954996608,99.32173209733726,No,Ninguna,0
495.1763688883709,4.947944710971178,4.975376035669545,4.939217089914609,4.9294511293655745,5.088958543147244,5.048102766170748,132.7494062090794,Si,137.5,10
500.53072964941003,5.012207490998665,4.951436552274482,5.019336843127201,5.030988978236075,5.0176408274339215,5.02669547038106,120.54554605978434,Si,90,50
491.71436038133703,5.008324331499544,4.920839461327078,4.9961684049892305,4.965171740986114,5.0512525432353526,4.988638702256524,108.0952860164711,No,Ninguna,0
507.93547772472874,5.025893827943388,4.972571854965972,5.019135128613954,4.937348926009236,5.050008780681926,4.957264413058232,116.45567949497519,Si,30,70
500.7944441919527,5.077059163071627,4.934448929839034,4.972538072168157,5.09809835144105,4.999232137556885,4.961464287258824,123.44864700403005,No,Ninguna,0
492.14734659335244,5.039932533440365,5.034203165418142,5.0480072080251475,4.925439279268276,5.001708944287634,4.987503931030388,117.27473658115886,Si,111,50
499.97464760371514,4.952218938390955,4.918128732885158,5.095634611084159,5.093450373309481,5.089715895655531,4.99431400197819,116.04896074594586,No,Ninguna,0
507.94420884332226,4.928217238305516,5.0321300946425245,5.0677440842536665,5.027798235414484,5.052468371133867,4.990715114099216,111.66025839845567,No,Ninguna,0
506.96531744675383,4.926411853959371,4.958807912797935,4.904759298553559,4.966526106316718,5.015440585579883,5.009707130166147,127.55314181616224,No,Ninguna,0
501.9906393423794,5.093274865663632,4.9973539860074085,4.978139157919859,5.026137026289134,5.090427089909362,5.07826939858936,116.62191050499936,Si,92.5,30
492.9861021387811,5.030636268217218,4.902692597394776,4.951642251526972,5.0850984538487545,4.942610892845503,4.992160467036579,88.41551298120469,Si,111,70
504.6254097370848,5.057996666610654,4.9132731013955455,4.946617929286674,4.985502082777792,4.944090345975107,5.05463560599694,140.27534704939373,Si,90,70
509.4929462796994,4.941177901728119,5.078655180215577,5.069412969222735,4.955126081521613,5.020839989902519,5.092775328096748,148.09729677920203,No,Ninguna,0
494.6506618197575,4.952975626143219,5.0053451157521796,4.942268746135998,5.0800386717576105,5.03777125596991,4.99045885793948,119.88117985151163,Si,90,70
494.0022901276954,4.9905007926316465,5.086639981403357,5.053542235963084,5.044814619401404,4.948385959655359,4.949164874900717,82.37102055931443,Si,90,50
506.15825160331633,4.991674930002645,5.00978641757144,5.0443260723058,5.067333881737522,5.090122308284398,4.906422858613805,118.19393266588281,Si,137.5,70
499.06963325196784,4.901385062128442,4.992648975695864,5.039874046331568,4.972784506587652,4.916895154759376,5.083954365055249,93.47123732259841,Si,137.5,30
502.2945093371761,4.939340565366078,4.942859353453451,4.949975908758582,4.989309049246585,4.95152080238551,5.058537340796575,145.363512768899,Si,111,50
499.6854711697648,4.924817827444525,4.977520801987052,5.085744782082979,5.0350171196622995,5.024626973727795,4.977845249746953,111.41250206729674,Si,90,70
504.4527957062367,5.029258782543207,4.952896228920591,5.083701680797562,4.988546057984915,5.060743703511763,4.968020931668989,148.56308103972907,Si,137.5,50
497.64013747992817,4.922782000780225,4.958636268857949,5.039541405471804,5.020740495013731,4.959761158117233,5.023476973708993,111.83785214252218,No,Ninguna,0
494.4356120814036,5.04058608167939,4.9963853645570335,4.943662991568693,4.9408182912208805,5.0542824402946644,5.002287804099694,137.70013525467215,Si,137.5,30
507.81580414062955,4.981079011901202,5.0580778769804,5.010263715427587,5.013975751500304,5.045196680876239,5.035799373436984,147.81738802444883,Si,143,30
501.0730464509094,4.997774779844452,5.0395440795446405,4.953453576401277,5.087099042920295,5.080561341526957,4.993516101988499,97.90819826236091,Si,30,10
504.95582130027185,5.080557239442732,5.048837773344061,5.021415117044532,4.989618169666753,4.949009485425589,5.037384634806068,97.71739626314863,Si,111,30
490.7297264724025,4.988625262178072,5.019529749240603,4.949595034427725,4.951184315211029,5.020884324169286,4.917581508434649,110.26940785375183,Si,30,50
508.5076382117893,5.054889211055426,4.967764368416166,5.0036000319863385,5.044462878252886,4.927713813635169,5.056075704244376,111.5424002458502,Si,90,50
502.8071868738982,4.974914017813746,5.0448093931498885,5.012178207429803,5.064807736193451,4.934452700644684,5.078396353210845,128.206513290263,No,Ninguna,0
504.4272864196366,5.003169675875531,4.97271142161736,5.030584165937736,5.092439151459052,4.915498064003441,4.957518409054298,93.251097872774,Si,111,70
493.64430916241366,4.976838190790306,5.096591126130258,5.052535665228001,4.942863841566332,5.056128198516574,5.050555272173354,87.23387203514542,Si,143,30
496.41862013961145,4.952900106431262,4.960813809587153,5.063434425093804,4.948673802658318,5.010925483019964,4.948132310787116,109.20893959748234,Si,92.5,50
505.61965533537,4.978241876635834,4.973860099002095,5.063770038474062,5.094803552620128,5.047827976897055,5.020932110774476,96.6398316669598,Si,92.5,30
494.1073608495816,5.02899481735789,4.99012679147147,5.021292943696859,4.94423455329056,5.007455459283436,4.948177247996803,97.26647746258368,Si,30,10
493.32023901995206,5.010711719641238,4.985192741489015,4.970983669503956,5.023690612593602,4.9057340577945165,5.067361590375604,141.93758649276498,No,Ninguna,0
507.12104872691975,5.048947544584272,5.086044306349468,4.977304218323407,4.977120041922597,5.028885098750174,5.096196538110049,140.24298911923657,Si,143,70
495.3144642530915,5.057753133064063,4.909477952031622,5.065266422722526,5.047653885055771,4.9846117898816775,4.970545950112401,145.73498505204714,No,Ninguna,0
499.52509054035755,5.069778966402259,4.916143672056772,4.907656377108563,4.9315149659456035,5.06020303650352,4.962916157311384,107.18333255520459,Si,143,30
499.5467415270229,4.91016956450704,5.023227399629852,4.9763279879851865,4.926610291669407,5.095840130930967,5.002436684135815,85.29392085612864,Si,143,30
494.0636795468956,5.0444251847483095,4.930245606372139,5.083706840836297,5.027108417939754,4.96244930136358,5.085002478587153,146.07605743693048,No,Ninguna,0
493.6765408956797,5.024655467284413,5.0342507876313505,5.021162324652268,5.075228266390871,5.047230708001708,5.0613224407108675,82.47884039687852,Si,92.5,50
494.44418529393016,5.076945922692382,4.92052365531645,5.016262551695426,4.9229714064908645,4.951159225633317,5.0848818586567575,90.63854438524345,No,Ninguna,0
504.0225580780029,5.07032886034713,4.928895675416895,5.060190545661642,4.95345364836238,5.033568643472938,5.018012918884548,131.2121176977048,Si,137.5,50
490.6754186997893,5.079121267003924,5.05442016022645,5.0879832772554,5.056403951812742,5.080524397575745,5.007925952487482,134.48939861767872,No,Ninguna,0
498.0932603395186,4.994056352607026,5.0095824094641195,5.086843835065064,4.905908273104199,4.98067087426589,4.915941286543579,148.7238605668437,Si,111,50
506.43360505770323,4.908168628172441,4.923194368336388,5.055727639438576,4.959892057408087,4.923233655398379,4.906591301307922,126.74787248236048,Si,143,30
499.4545560382564,4.955248558248072,5.004576317428268,4.910037931541227,4.96722833737609,4.9998145626750015,4.957514818345253,113.23413218027005,Si,90,10
499.9728047236597,4.982240035154433,4.958515107536592,5.009591214463871,4.964600748453433,4.991459463341209,5.06200295600163,95.809932094164,No,Ninguna,0
497.7561066852312,4.979497918416712,4.917785404882909,4.96532406553369,4.936262829084291,5.001713211675239,4.93718032341752,137.91688939400584,Si,143,50
494.84691728042674,5.077881842034802,5.020090082160612,5.045423625080006,5.071610779387141,4.985188376378392,5.060631888567996,84.7554480452537,Si,111,70
496.3800216749306,5.041506005723317,5.08822096190025,5.029918343944304,5.081924100537316,5.054070205628122,4.988497792909017,112.3704877092368,Si,92.5,50
501.47892849143136,5.098344158689884,4.902425215361384,4.914445263374472,5.016599232019738,4.920257275533268,5.094261307203915,117.41243284726237,Si,137.5,30
496.7954106668575,5.052584554602576,4.930004707311793,5.03533502624416,5.059798013552419,4.937161481333819,5.095553213329867,94.95737170081364,No,Ninguna,0
499.7702193166997,4.949796070227113,4.983726436488497,4.9723233348110645,4.913068756508379,4.986765931150387,4.997872870959164,107.87927873019177,Si,30,50
505.58590648178506,4.996437421687582,5.0715649648079415,4.969390031865954,5.027355659264136,5.011623820333017,5.0134381192325,107.879965549166,Si,90,30
502.58707958484877,5.053787098671952,5.0293810172435816,4.926302268376118,4.9702383625659525,4.916483940955704,5.0158913017430296,136.15846679190201,Si,90,70
505.65643277598934,4.948555266788352,5.0575874625514885,4.934610782193461,4.979833428458975,5.061513128835176,5.02601373978078,140.32488067867607,No,Ninguna,0
495.12491415384306,4.909506092409222,4.958065340979286,4.974547749254051,5.022399591786082,4.999445827365256,4.904462206906564,87.6164908622234,Si,111,10
497.0610536557008,5.0079375729259015,5.010432273235133,4.951622655818852,5.006105393365468,5.078214337035205,5.04312262067049,149.70060051888527,Si,143,50
493.15106634275975,4.955176094263065,5.072737420786083,4.90209782003722,5.020792845261354,4.9260498220617555,4.9845348451976506,120.51611672945549,No,Ninguna,0
491.3895853948659,5.047465737497836,5.053005294350232,4.963118347424728,5.063726532574271,5.0197295493076055,5.014421175626942,142.63531322662305,No,Ninguna,0
509.1322645305355,4.907040709177258,5.05414776247254,4.918745537790928,4.930288816917269,5.000492616145039,4.915218803828151,136.75764805532953,Si,135,10
503.80499579370013,4.902403362154416,5.048079734363543,5.010565481332633,4.940968915946051,5.062265518347174,4.9991913790747935,86.80847985403295,No,Ninguna,0
493.3612266977122,5.020759570510187,4.952753106580868,4.942156097364812,4.901994996370109,5.01886925487882,4.938146754777743,127.75483560262455,Si,111,70
491.92543294656855,5.094998014443002,4.912661127342598,4.994429026963357,5.0725987317912775,5.097152916331905,4.9862609228892945,97.56841675881142,No,Ninguna,0
506.4737634905151,4.9052081295543735,5.002518885701472,5.0218116722804185,5.016680878341371,5.066507230466859,4.949622953463264,136.12934627040482,No,Ninguna,0
494.99784671748836,4.942993713264656,5.075277823047912,5.037587524071374,4.989723185636517,4.96850495294439,5.060069670221553,89.78091199216433,No,Ninguna,0
509.7926117022183,5.093122348395045,4.9157357192042745,4.912690613497925,4.983284735824541,5.05827769669963,4.949707627803223,139.03000198423425,Si,92.5,70
491.2846889961207,4.901402129440886,5.001982009174892,4.936183276162446,4.95309792452891,4.994832916804404,5.05485395290267,106.2697361732308,Si,135,70
500.8316940091256,4.981277371640906,5.0585563740691,4.969615388435353,4.915802893758091,5.072881677963871,4.981276261277666,119.39802961969335,Si,143,30
495.28402102683003,5.088445082549058,5.034362692474949,5.007508676917793,5.093739802425113,4.948242301981701,5.0523259310537245,91.18789422767844,Si,30,30
504.9794404346896,4.928635440672538,5.085179598177898,5.0244301862653,5.011378515612864,4.919019531004677,5.0983648393410546,107.39582265923633,Si,30,70
499.669039048645,5.044693477257383,5.074629439527852,5.066673215764504,5.0749528994374815,5.05007171056675,4.970531895593057,128.7445486504956,Si,137.5,10
493.6846658132207,5.054097321111682,5.0519988559920534,5.053589663668133,5.0163031381512715,4.907132556955478,4.9219393419449045,140.84829786933744,Si,92.5,10
509.09662516642913,4.951203262871322,5.077941869227694,5.087812632375946,4.996985940848583,5.060965738609521,4.938880219067392,124.38644643122788,Si,90,10
499.6933517699267,4.933878999938062,4.975296408052617,5.016117220361987,5.049636579551942,5.022588357771166,4.911761693634133,130.20825603167424,Si,92.5,70
498.75147392596006,4.99110739204442,5.04830542592536,4.957265978657261,4.973205227634813,5.091985884425147,5.00077314980051,122.25593498986012,Si,30,70
502.6233248684597,4.9312544922138075,5.0250897334611135,5.027881598180912,4.969529538961882,5.019381651605732,4.90671821462219,80.39019730700446,Si,137.5,10
504.59788210848996,5.08525589661325,5.029436990322462,5.034602386907889,5.083645375954338,5.014263589084242,5.033508027461724,108.2120309884451,No,Ninguna,0
507.184631636294,5.093367436166611,5.086302475193149,4.986056039632037,4.946071735807962,5.09934037078805,5.085233261071157,100.94057744649055,Si,30,70
506.1112941848623,4.972818839378486,4.998556358679535,4.96697082790596,5.026629811462571,5.075616818447883,4.936939592658787,83.12447328648142,Si,111,70
497.07439770268945,5.02352010079951,5.030144826166694,5.023949365668671,5.053915747758594,5.022484767370805,5.073138101417158,111.80390019667487,Si,135,30
499.59305222128,5.006233132073193,4.901689340753211,4.99495851532647,4.998010378575152,5.012568708130346,5.037922909700227,99.10644911762884,No,Ninguna,0
508.50074230265477,5.027745644051025,4.953632160636079,5.091174507825247,4.935384072022869,5.074440527591794,5.024895811678519,96.14327512751457,Si,137.5,70
494.7057385186884,4.937261782006404,5.075122325492282,4.982019532221133,4.913179516478761,4.998082256805264,5.001778516530069,124.63237358133256,Si,111,70
491.7639979155557,4.982071839942566,5.01128485418194,5.009109362339766,5.030674864531989,5.067353770694495,4.941925867879439,103.42920664071615,Si,111,50
496.9140265674982,5.016783494603934,4.9479207476275855,4.981778776816157,4.975280258614259,4.916553215346593,4.946950663226183,144.0316551777114,No,Ninguna,0
491.5387424099331,4.960526161565318,5.033133338858749,5.0291167757846935,5.091965926350043,5.081779824405524,5.0745993768537785,129.72754494543292,No,Ninguna,0
494.96745243036554,5.095021893513658,5.017651713505087,4.980399332338554,5.059934509879004,4.991744370303879,5.072129730787768,103.78284080380702,Si,90,50
502.0924098695773,4.970156205275931,4.98727059390465,4.943929920515102,5.054951424108321,4.994756993049392,4.9804186650916975,134.89543019649983,Si,30,50
497.07364369762956,4.901411371550409,4.902179119215799,4.960506518420484,5.0422704968290155,4.943806597113203,5.07058582458892,90.89418243439682,Si,111,50
495.1041342894331,4.904679175981716,5.034576891086954,4.985653060971791,5.007842660926983,4.946130216793671,5.01540827400308,135.58910365749523,Si,92.5,50
491.65527994392227,5.0864848676112855,5.061161853836152,5.0355580943476,4.985660470292532,4.9081596057736165,4.998972379559036,92.60607357111685,Si,137.5,70
494.5344296489407,4.915240925796628,5.098699365754569,5.043729628208164,4.981012394593471,5.013874296173432,5.095885849168339,120.83773517292448,Si,111,30
498.4106165590822,4.9443905132809105,4.933744529420709,5.040697100051182,5.008674114991849,5.067659533810552,5.081152149748903,89.36816419871536,Si,90,30
498.277335808715,5.027897357729549,4.976675707134883,5.031590026091344,5.082269617481866,5.026772565424245,5.074504887381859,115.88091388653103,No,Ninguna,0
506.8115851335285,5.031430027963204,5.054320942379217,5.046132634563666,4.975020515626071,5.090260964666673,5.0289446291110425,120.27313768510606,Si,135,70
497.42969997465707,4.957602558694546,5.087233581470315,5.094115623485676,5.03973607860026,5.035401882709751,4.975681104627432,119.99732450171874,Si,90,10
503.51663238031364,5.035469061171853,5.0110643032918745,4.952716265448981,4.912082902858359,4.9616712388162485,5.020304581717322,112.9115499397146,Si,92.5,70
494.1354410994628,5.099133048893167,5.028007485949152,5.092037010127621,4.921083150883515,5.0551234656524215,5.017104210227388,115.10741174078473,Si,90,10
498.15605745626254,4.938883438672712,5.0506386216397114,5.093321900636855,5.06747971848241,4.921245021839896,5.0591464793209395,138.0046589506756,No,Ninguna,0
501.9529218014843,5.076895014863193,5.009221185673051,5.067996607472619,4.929471748573123,4.921384918264591,4.949686281745327,110.05511962022987,No,Ninguna,0
509.6498579970647,5.047584681831304,5.076653239956751,5.084866257963969,5.018717949402838,4.965172676256486,4.921585927205361,103.20859938044151,Si,90,50
498.03155555419403,5.036798345366005,5.032110885762783,4.9474419252401605,4.966680868718257,5.095663474617353,4.947607910562571,119.56103114732171,Si,30,10
505.61372466048,4.922456610355149,5.064778883790967,4.973531281991042,4.916308419463317,4.909365587977964,5.070905195260115,94.79817223147977,No,Ninguna,0
501.98951553330994,5.007844076896142,4.957396061530554,5.086714133406573,4.97846323884101,4.9465343671848805,5.0401856011880675,118.21783479035281,Si,30,70
505.86236704993905,4.9306997154563845,4.974924646266396,4.919362596040612,4.923476108491436,4.954004103174948,4.9708724906582695,93.1257849298222,Si,92.5,10
502.7313675273943,4.965234684666496,5.030734461327229,5.063895404165585,5.05359571058569,4.905040589677088,4.962188140952178,103.1307992240434,No,Ninguna,0
504.5131166359037,4.994950807553729,4.952785501793081,5.081210764661958,4.975898387283343,4.95739955185928,4.920220166105947,107.92372152646988,Si,90,10
503.30334875248957,5.000793451380478,4.924973670365643,4.918894526462591,5.086037589782931,4.922580099916581,5.055211464930632,83.15246525254116,Si,137.5,70
504.7317266534452,4.907314122769624,5.078311075077429,4.946551606811387,5.096450190493624,5.012666612560597,4.91760025872648,87.46375461375199,No,Ninguna,0
502.6034495544507,4.906644743648409,5.096897378870059,4.937620769972844,5.055997030679453,5.074074434164641,4.973410888495836,106.83862261349717,No,Ninguna,0
504.21233860072437,4.937846362599021,5.0145391912622745,5.094671973391842,4.984432959855026,5.0870007543423625,5.070135562030823,93.34353887485172,Si,90,50
499.02940962100416,4.934369611063671,5.090413901079357,5.082286269479537,5.09670806180845,5.077429504676543,4.909474884088288,115.83634738128269,Si,143,30
492.9116296794929,4.909442521584861,4.951212651331702,4.9120791290336525,4.940449637486093,4.972332244336279,4.958500907326662,111.44490323575351,Si,30,70
497.64693809104426,5.0469662154188795,4.922089738348101,4.925608204968686,4.971618357151965,4.965627746739307,5.011002585931493,90.53510500310875,Si,135,70
501.43855860446854,4.980263327857602,4.919335569460987,5.011628870995611,5.054065164605283,5.059826189078182,4.9487349121512745,142.26650326738874,No,Ninguna,0
499.87206847389086,4.914132903174156,5.000639853974159,5.062841667846058,4.9968341329298065,5.098499702642101,5.075397673614128,131.2818685984893,Si,143,50
509.4879474388992,5.091469706720768,4.950401658086528,4.904447950588807,4.9620539436853255,5.055645725845737,5.019718480930136,95.33802158292411,No,Ninguna,0
502.7527228301803,5.075365852158229,4.907914369348389,4.929735559021001,4.919004793078052,4.929004902187536,5.0391889241538665,86.44167736277964,Si,135,50
500.3200203474203,4.944581989213626,4.941543806973419,5.051759192024655,5.047125063168078,5.070107222422378,5.018033321161087,123.49184783175704,Si,90,30
506.26429800996004,5.076548320443585,4.901131673498795,5.083506656822124,4.907009281621381,4.974740284856919,4.984733048826845,107.19570807451132,Si,135,30
499.62183277718367,5.030270785210801,4.986190321747314,4.969200426872532,5.032615002153867,4.94065986943654,5.028780210564524,97.48655462150903,Si,137.5,70
509.982181431612,4.911891560919238,5.055337299862935,4.95847391424871,5.0192819057832025,4.924067828158477,4.919361636415126,148.37460041115776,Si,92.5,50
490.95242463522266,4.95192991470996,5.016510560057653,5.089542570671994,4.938285554837648,5.081442923124626,4.983723900995547,105.74254262769962,Si,137.5,30
495.95301445262726,5.078657743137066,4.916630192627075,4.970398887559772,5.01916693747405,5.000279565726276,5.09924268020199,85.30833056904555,Si,92.5,70
493.4049526208079,4.921845497170949,4.959171259108154,5.086997163822306,5.017843551512215,4.949346740361647,4.979086754715575,104.0013275287414,No,Ninguna,0
506.35372428679193,5.046449956767425,5.096900190198737,4.987154227667753,5.080245362165751,4.93282488488161,4.905486799041279,126.9384056908774,No,Ninguna,0
494.3873615121912,5.001877704010256,4.983924635736756,4.942212599627601,4.913598658680104,5.042302049789264,4.92938819498186,89.42217989333616,Si,90,10
491.5361307081474,5.0264675828553065,4.940331800763251,4.913615263834126,4.948401750303599,4.9318560718312145,5.06234935225963,126.36680124794213,Si,143,30
506.02014108511446,4.915291868371131,4.963583874247611,5.035193978233447,4.98116308244166,5.027826746723791,5.086531294560599,132.6748557669334,Si,137.5,70
506.78325499086174,4.917278258810611,4.916882306543329,5.061075144805977,4.951802077161624,5.063197009086982,4.991568704019251,107.66567790984406,Si,135,50
500.88199608334065,5.094107088563397,5.045344930839331,5.003382768598293,5.0600034071122195,4.90408183111258,5.007845184301046,98.59427022091874,Si,30,50
495.06612104223274,5.084350291142843,4.9996605964180505,5.093793983966511,4.924700509840956,5.0204075769472665,4.913553428531186,82.18464930140183,Si,143,50
493.64083016877726,4.991338945340725,4.911008413918621,4.951609158813695,5.030085158675452,5.051263040978579,4.991793770581669,91.48538310913183,Si,137.5,70
505.7337883163424,4.911853450565808,5.099252827540812,4.974397332625753,4.983147549672576,4.936285172581573,5.000375235210307,121.0248877585388,Si,143,70
502.5903711538871,4.9570521804676515,4.9653093210836285,4.984754382046269,4.991079621697884,5.047471877129429,4.978856139701793,142.84204782672685,Si,30,50
496.76251338850574,4.983896459691161,5.033600785893635,5.087268791612569,5.08685483716564,5.012154666011821,5.065522459442801,147.6560334038677,No,Ninguna,0
503.178215270602,4.903159576568633,5.033028169170402,5.037598961328566,5.0619132429920635,5.033324299158397,5.061956417915559,121.06061285272114,Si,92.5,30
497.6296523529738,4.967632825429055,5.089630384654164,4.932995425633845,4.99300799806326,4.969277987214424,5.0899358814542035,82.69009467949533,Si,135,50
508.81349985861226,5.087515487998935,4.949413015478532,5.0606503760315995,5.0537971309143215,4.9427253546109755,5.076314902963613,104.16744604708295,Si,30,70
505.64640676316856,5.076935509870145,4.975453455789485,5.096591611830291,5.029297840087419,4.933664500986152,5.053258964378737,141.42384766523787,Si,137.5,30
500.410048996033,4.954857654170934,5.005051125616581,4.964131125351806,4.90396547083073,4.915868995620219,4.986450218253987,104.29609325434805,No,Ninguna,0
508.4518849137533,5.071472660692618,4.9561140537971164,5.032972104641818,4.934305746028224,5.012383143071987,4.922669461056802,131.72612474594666,No,Ninguna,0
497.7788304264616,5.028617511958949,4.906694399643012,5.033078800348662,5.067752072549201,4.977199874252539,4.988989649854728,96.08000928925581,Si,92.5,70
503.15401687562377,5.038401383521919,4.960906248496663,4.989204171124086,5.045113647907004,4.921907267923853,5.002223533632601,108.42182260036253,Si,92.5,50
502.8745944359309,4.9955830315898995,5.04332158237735,5.01679772858176,4.989003485407905,5.007847321425697,5.0947637671132995,95.2253414430888,No,Ninguna,0
501.7374718896929,4.975295159832412,5.015780835665888,5.073772265045307,4.9655159220201694,5.042616522631619,5.004516609475035,119.20016237605721,No,Ninguna,0
494.89608040413714,5.089740631840623,5.085498894986206,4.94409982878831,4.969145166574351,4.97426182500719,5.023536483383775,109.3778718166327,Si,143,10
494.5226935358646,4.9650778724062405,4.955902483229628,5.011932700108179,4.929160708149657,4.905758395207542,4.975981628732536,95.58547038798822,No,Ninguna,0
495.8343304563877,5.053536830209685,5.049076434586684,5.005922036457394,5.0406142084084244,5.099599331664859,5.07965386506393,120.81112710711108,No,Ninguna,0
497.07988787395794,4.98632029057384,4.978427845964865,5.076150625914114,5.00351098140284,5.010717918310185,5.098428539260009,88.1552633133203,Si,92.5,70
492.1798557706528,4.920007092997008,4.962740059930011,5.015477831209668,5.076015382757021,4.975876673419789,4.919674373595384,89.19166441018338,No,Ninguna,0
496.9794000293724,4.944040474596054,5.013048038218794,5.097372822487032,4.914453961551427,5.045719579550114,4.92929871056694,149.0411321994752,Si,111,50
500.9328477495767,5.069956728730954,4.906863987918334,4.974643227577266,4.913560744856384,4.96466874812518,5.023294942910119,137.91411062924973,Si,111,10
507.1171168313781,4.974221337536157,4.974945903463753,4.969308963365538,5.0042461395611095,5.048309222944267,4.931652518869923,135.48355954399352,No,Ninguna,0
497.92623815559546,4.961819424668513,5.019251612568346,5.093164349757509,5.055356449199375,5.08286366407515,5.063243530696019,93.683347729706,Si,137.5,70
506.922224335839,5.079387074393251,5.07885808854938,5.011825115392558,5.040739796139164,4.966797028583359,4.9927206516830385,131.64515599528647,Si,30,70
505.50922265536263,4.985052881771526,5.0158662649561165,4.964366704930446,4.989162534697837,4.970448651047012,5.076340214937551,90.87717366342444,Si,137.5,50
505.38408557867933,4.904533067840277,5.099204582005825,5.02514973074854,4.916410692813008,5.008165990660556,5.097838196237523,147.7749660948423,Si,111,10
507.2282501065012,4.950994341094496,4.936818168778906,5.0410459635091955,5.061152776288679,5.046105280079836,4.959813289470125,85.49066757998781,No,Ninguna,0
492.5099738793166,5.001402650448503,4.973419617330647,4.983031095108025,4.990198619632095,5.013443645618829,5.002116588038285,138.69602822776355,Si,137.5,50
507.5791473341525,4.90443264735045,4.9888846712817845,5.060188530093983,5.00653801909249,4.905170983386122,4.927990885946284,130.4244714820843,Si,92.5,10
493.3831347988142,5.0475353699048044,4.908342151245776,5.075229518163512,5.021889335080505,4.931943533540608,5.099589654688393,109.93307915262598,Si,111,30
507.2542566045556,5.029495817232251,4.971561399475658,5.095860033893424,4.979905200797511,4.953104820530869,4.922676297055229,125.46926436364252,No,Ninguna,0
508.3673707804695,5.003953329203544,4.967659566518296,5.023516466364512,5.005199271378263,4.932745386627622,5.075508305269831,127.24953678863892,No,Ninguna,0
502.127270068381,5.045816729606676,4.9278469705825865,5.025158137869733,5.078341271103961,5.042470998315243,4.914159761657112,113.25208018716003,No,Ninguna,0
499.49335991700787,5.085741217645737,5.034714809234153,5.059759496486449,5.046120105306806,5.084070150735285,5.017780581019032,137.01934296440783,Si,92.5,70
495.1447169564931,4.967084997661476,5.074530671500138,5.007627034753707,5.089943895929151,5.000672480618726,4.991366951727837,132.64671704295367,No,Ninguna,0
498.59330054615924,4.919070712604656,4.945732994419681,5.041062402156953,5.083419177896294,4.983872615686156,5.053949216884494,146.26303580475076,No,Ninguna,0
503.90805306865116,4.928177007383484,4.950995679143972,5.0135974988715,4.914892886042854,5.01736111146678,5.02556385867531,133.73316727176166,Si,90,10
496.8948863565924,5.032358202251398,4.905103510590569,4.955130169858905,5.035839235570166,5.061451655343567,5.0325617573698995,136.62462458213167,Si,135,30
494.4352651977842,4.946591249764467,4.933874312384045,5.077622960335068,4.9886318499842,5.068930012653411,5.090109965859309,89.22119422267507,No,Ninguna,0
491.36723490823323,4.907086079358086,5.070923474005828,4.959130159182968,5.058237654680142,4.98778975902676,4.970385184330297,103.27444260784408,Si,135,70
509.73380819163214,5.009697131614307,5.072712220721591,5.053702939173642,5.059095733266365,5.002730986715192,4.963257779118374,88.5333344449043,Si,90,10
505.56463412315026,4.9524920124194445,4.996211241692122,4.951135566142456,5.076623217268259,4.904232973362529,5.019598571661328,81.07331349440402,Si,90,50
493.7700435394582,5.0210913547639136,5.030501600171627,5.048152659225194,4.926441526156798,4.938315518909917,4.908342299938824,149.74751677302424,No,Ninguna,0
494.92794361131547,4.998974747297912,5.013093991995549,5.0861810072055365,5.049701179951091,4.933994401899678,5.014817481259089,146.07210960619403,Si,30,30
504.52750907420955,5.089020775470191,5.002572055019868,4.943887547266152,5.068076458264096,5.058036515841292,4.988464450922554,87.65336531199083,No,Ninguna,0
495.00289989523503,5.084475221561202,4.955349828081702,4.947561188855206,4.941373665339404,4.934472095295592,4.9106823786485965,145.07739989963335,Si,92.5,70
505.4832414749135,4.905609048058446,5.04055334828052,4.904950646772709,5.083198559270445,4.956930187042826,4.934440042790718,124.38910898308515,Si,30,10
493.5574760353612,5.0104430248580725,5.012952195476932,5.0076777869476485,4.901637900788897,5.038548931425758,4.904123260366916,98.94951966434029,Si,90,70
497.3715734009831,5.049036993574726,5.068090380579371,4.968353614555068,5.065563736601516,4.906897629688105,5.049103704595096,121.85844757452888,Si,111,70
501.0992131004122,5.014309930807532,4.90748778590375,4.915463179167752,4.951951462921992,5.07595099945473,5.060102688809503,96.38746805825178,Si,143,70
503.6728899620058,5.06556197980328,5.003299416133681,4.983933099847734,5.037909582113606,5.042142141125646,4.970885839714366,100.9697947281816,Si,135,70
497.7846674983084,5.015854748230712,5.077300031532162,4.939988799150896,5.041737509541025,4.974169120795761,4.929409522555151,89.34056832687551,Si,90,50
509.9972202270087,5.0400590323762,5.077931416844426,5.061582514375268,4.995224004549686,4.901056173551816,5.066774855728548,114.95301974121881,Si,30,70
498.1611685400723,5.0970897655258485,4.982223387601934,4.908900749556579,5.001754120037429,5.081729304172438,4.937732788396361,136.0862152200041,Si,92.5,10
505.8445851941003,4.9092839958446906,5.064122524688189,4.95731259243082,5.053193976573748,5.037454536767714,4.969920365352546,90.20664585858185,Si,92.5,50
507.89644773904,5.069628475334694,4.9266859320142,4.986632282475463,4.984028116197641,4.9880931610577495,5.075213879486145,149.5303662681913,Si,90,50
491.5346603062477,4.943462465932219,4.95659511740802,4.90869695734177,4.976913339150054,5.082046742857701,4.97153264523303,104.15324379915067,Si,30,10
509.73744472397294,4.976229946970906,4.9068687752885936,4.976364192866512,5.034284743034123,4.913930033035115,4.902399752413175,115.8484267745907,Si,90,50
492.12659934539596,5.075752477570156,5.036934136983857,5.0638503976769735,4.978369482696736,5.093775644184294,4.976523164966632,117.5796071004317,Si,137.5,50
494.9140066584657,4.924451297500222,5.01119314250009,5.042519791282664,5.071132512432567,4.967793293024837,4.912837862069827,99.54456642043431,Si,143,10
506.11497203329645,4.972763253452516,4.940929906398542,5.054397278172479,5.073444315787199,5.095037767292554,5.000098140198694,106.0421520760127,Si,137.5,70
504.880733776551,5.077389715856354,4.95604260659417,5.00809526097413,5.0234127770277635,4.936773560476685,5.041148399552729,108.96288843771725,No,Ninguna,0
501.92199540246554,4.983971543975385,5.062149584851497,4.994770096158207,4.972648143843007,4.959268246496462,4.9804629067741475,124.56939732820396,Si,30,10
504.9803296567958,4.962049046438612,5.053724844920866,5.044406086397177,5.0190489422130815,4.937449654494429,4.950754783324421,81.23853365097428,Si,137.5,50
499.8761088218546,5.041067590988417,4.947345801267955,5.0911909944326394,5.018618190332615,4.999606469192067,4.966357553274086,87.02316160849159,Si,137.5,10
501.7812427551163,5.068003027441152,4.983088687975981,5.041178735512388,5.048321037927189,5.073425119777425,4.947492658911804,138.50720380281945,Si,90,50
496.7459826836221,4.982618607553973,5.049374578867296,5.09545624054415,4.921883165512841,5.00340883608969,5.063396919695347,116.56175251221168,Si,137.5,70
501.3536068621246,4.931897885612533,5.015475908942208,5.066959487631963,5.056969546424844,4.9368239628670505,5.024200742090002,88.9648401523002,Si,137.5,70
503.70946672115343,5.091848784030209,4.945981425438716,4.948915947146626,4.922684616370481,4.928250233856466,5.092902469706925,94.37632494775394,Si,137.5,10
503.13272913303337,4.946957932189909,5.001689382857788,5.083347774559431,5.0775575694382935,5.032380897071894,5.019559864626417,147.0721496407621,No,Ninguna,0
506.1426646072496,4.968085394060058,4.99322314868069,5.0935324943692715,5.039102955659902,4.942696620263059,5.033355175409179,148.76003871795564,Si,111,50
508.67873881821487,5.078704253464634,4.977035556367909,4.931950255866009,4.908576286367766,5.096149530119062,4.9891453043028955,81.26011216516952,Si,30,10
502.2727513120275,4.985548911942249,5.013136817163533,4.980030193054886,4.904052816094446,5.034463251360517,4.919657142300637,97.39009642221154,No,Ninguna,0
492.03451285466883,4.918730108385668,5.082077545652897,4.918444454596743,5.060138186300195,4.971102021340258,4.947129473396169,93.83142356395378,Si,92.5,30
508.81635927637717,4.921451638738562,4.966772808165323,5.059459027211208,5.005591395509128,5.056370892897526,5.056442243897743,126.7541176837118,Si,137.5,30
504.2215927887046,5.0767815997975845,4.900517471039742,4.9754899313702285,5.024068128326278,5.035043305746909,4.97099244069882,105.00747086071678,Si,137.5,50
490.4560253303001,4.974453841517557,5.044447267879968,4.999529381512457,5.001433720368549,5.002912105423341,5.001434627046274,125.67166790919791,No,Ninguna,0
502.90274937004256,5.035273367642368,4.977428648070223,5.019662291428822,5.054111563207734,4.955236750248466,4.947734502370692,115.97400478762404,Si,135,70
499.7602413323621,4.914875033380172,5.040233236159296,4.947333833437079,4.946573282494359,5.0155044675220575,5.026029815804548,92.168095866402,Si,90,10
502.86529713520935,5.09812511052161,5.046579927574274,4.978750419890045,5.047376537779628,5.088952029853201,5.0531659424233695,143.85500546577305,No,Ninguna,0
503.7762488282096,4.969955767053111,4.913607721539694,5.04479318033528,5.059421923702272,5.044426146372214,4.9799812665240974,90.3233258318402,Si,90,10
501.8877820541985,4.935404681760003,4.92381191265951,4.989282055328892,5.045655681187259,5.012261860843292,5.070915456211184,114.07288013819816,No,Ninguna,0
507.3218432459563,4.905479083044955,4.9038709195695835,4.955266619096168,5.029152212242581,5.068131930276114,4.96764837298355,97.3591458144495,Si,135,70
500.9386146818025,5.0667391969189115,5.095859097261678,4.918616683564803,5.030780766476959,4.968579706675487,5.042672581888502,89.56329499938019,Si,135,50
493.52359908431174,4.918507953481063,4.940517906202914,5.0873913605274454,4.933092766270379,4.913830754208676,5.08320325608122,139.87001123738324,Si,90,70
505.5365101551097,5.066935685413922,4.9156877559568635,4.939946202638796,4.9323659276870995,5.002991919953955,4.933393549692726,134.5715698074246,Si,135,10
502.58884328115926,4.909448913356731,5.060864562557272,4.977898500139066,4.926508378599705,4.938930280019372,4.952261796090936,133.10581328836523,No,Ninguna,0
509.47975166338165,4.996072991433436,4.907118165313972,4.966712321056761,5.099292557320405,4.9157470499840015,5.021009699672094,93.42041158816048,Si,143,10
492.7347293666077,4.902832022310681,5.029582014196461,4.996259758249828,4.9492410157960665,4.948591432220024,4.95545397831143,113.25565796629817,No,Ninguna,0
504.54896982179594,4.910099063884924,4.976592618226637,4.919610073169682,5.08285553606272,4.934755066881904,4.9779945985750205,136.10661230058093,No,Ninguna,0
501.03271771807886,4.903372351659749,5.056887153729066,5.050793465000453,4.910717329643715,5.012087998814222,5.037327717992438,134.95568375081837,No,Ninguna,0
497.1578294766741,4.941948703412416,5.065337332772803,4.98432125764719,4.936450054258126,5.091116466090267,4.99089735603992,115.71535195499376,Si,90,30
490.94476772448013,4.91426965671915,4.906729374323477,5.050904826241949,5.094792746241874,5.074031256893515,5.018655606040125,114.02594952718371,No,Ninguna,0
495.30494201501193,5.079673363778278,4.97348878495076,4.952924011946564,4.901874344682686,4.960860921455797,5.0299571525613205,93.39031512568324,No,Ninguna,0
507.25652417238274,5.093564537120294,4.911462973754599,4.93379023846275,5.076609473365923,5.042504817286045,5.050499607328198,105.4370730360943,Si,143,50
495.85177668667,5.0073776531641165,4.980823134938702,4.973794893918174,4.931397272798159,5.079146417471399,4.96561989313235,88.56157601611746,No,Ninguna,0
495.7214353370402,5.055455123207338,4.941625298124649,5.044169057098516,4.9553511345115275,5.076084848647208,5.006323623083385,147.4836686247954,Si,92.5,50
503.9303586534441,5.0348136032378275,5.088571047189262,5.074646139555463,4.919071890452864,5.095237267229909,4.977808022730157,101.54578935944309,No,Ninguna,0
491.4403871379078,5.0339326627973495,5.012013147506092,4.9044889430090475,5.061453644602871,5.058184665583086,4.951215725393417,127.33005432467621,Si,90,10
492.50823534864196,4.925218857177487,4.971378704144307,4.9616653980329275,4.918016680668999,5.036641794506222,4.927467139628553,125.80148278169143,Si,90,30
508.64049880843345,4.9503004379107525,5.089089597744132,5.037506000565288,5.090226307733685,5.010918577748485,5.070051007665349,82.59469261015765,No,Ninguna,0
505.3896037691041,5.021226038556407,4.9829471225536945,5.0218229230385125,5.095349800239372,4.932724267525437,5.021729179482165,136.96150520316831,No,Ninguna,0
508.510559995793,5.054953535182643,5.036779549807777,4.93647854028902,5.045250711780166,4.93103157121148,4.991187105558699,115.58963638620739,Si,30,50
503.3136290970258,4.921354584056341,5.028933292775932,5.032732335625276,5.03207799140675,4.939391404212482,4.924793558291577,106.47442615983724,No,Ninguna,0
500.06371666143446,5.067349814106396,4.996155462902687,4.968305665414985,4.94448740747691,5.054815285012336,5.098755427330241,128.50476447503587,Si,135,10
508.531220680712,4.96842269572149,5.074509100881692,5.083455307952795,4.905362686737684,4.940166617697049,4.992161339289278,105.10042799486033,No,Ninguna,0
501.394537611156,5.097140131009288,4.901659641733452,4.941471484133119,5.076253440254813,5.089593535463874,4.984786971160409,82.42626469136978,Si,92.5,10
492.81640854021634,12.705257654351264,4.9960194150730395,4.943009091124777,5.077043807039214,5.0419901606979725,4.937952678748657,81.69847277371322,No,Ninguna,0
503.87854014370237,5.067695402566791,5.056658652055442,5.023293093794024,5.074896990337858,5.077105933799773,5.005650173878944,146.9499745880729,Si,30,50
505.4655387293681,5.062795145226743,5.087657460645437,5.069716462459589,5.0512507328232,5.012454012155829,4.964075348237906,102.89099032043109,Si,111,50
505.8513641153463,4.90558701006582,5.039416671723358,5.065267641739964,5.086715875591447,4.953620400809042,4.904566296226793,87.1831870079342,No,Ninguna,0
509.11772170794126,5.00658511356206,5.038202784254174,5.041464360965733,4.959964882607085,4.971418681987714,5.027276086328013,141.6706373590087,Si,90,10
496.2568657401825,4.928115397150362,4.909328035654021,4.940476526420919,4.9402838581790975,4.966683355908712,5.083555464585769,131.76694835654638,Si,30,10
495.26157851093717,5.059400207877278,5.065509115170585,5.054048796667064,5.030369622270949,5.093773088416845,4.971621824818498,124.29347232485716,Si,143,70
505.61499598492077,5.000337437457635,4.971569832302609,4.9027140505862254,5.0027015236466195,5.010221164998157,5.028753877816294,131.69721464734502,Si,135,30
502.7686713606197,5.096193669579428,4.961228669384421,5.058068490428774,4.955561807324416,4.987357207673197,4.926273243842786,88.49121496791129,Si,137.5,30
505.1832778519137,5.071158400307825,4.944424183620608,5.088167044915752,5.033663285398426,5.0422676368797,5.047683111643821,145.75161485210236,No,Ninguna,0
507.794540777928,5.055239553463309,5.01876393224384,4.928545580557894,4.991912737748156,5.05282848645899,5.067830170373134,148.66994052227415,No,Ninguna,0
500.6734620511374,5.081618426233846,4.927471833996431,5.042085835044799,4.927690767958508,4.988281534683887,4.943673965305543,145.35002718649974,No,Ninguna,0
496.4115610264659,5.023098590327362,4.991229653994627,5.090705284893009,4.966257406559781,4.943180217963384,4.991409185880865,130.98892692091178,Si,90,50
490.1073963138987,4.976581368048672,5.087411204950965,5.098726608094862,4.9731129969594665,4.908560957614014,4.991818061437312,125.3535394831968,No,Ninguna,0
501.06901830251917,5.048725408124352,4.9388940013453455,5.017286762665051,5.0568549907968166,4.919870600179633,4.9324037821755375,90.44966505448373,Si,92.5,30
502.6175400835085,5.041705904642979,4.949487312535047,4.9156194694185364,5.001158428309902,4.976822988529931,4.904386852460979,117.15642195934612,Si,135,10
508.04835423893405,5.0162087138676865,4.939288580727802,4.98948424641436,4.994563546329732,5.040771987794965,4.974359515031566,137.55017066871523,No,Ninguna,0
509.5392559817112,4.95215963937664,4.9190067202243934,5.086396800508083,4.991040281056785,5.032386029058582,5.080899803778056,126.5229253009132,Si,92.5,50
495.41835387281895,4.960157313057576,4.908564803456687,5.04708043977286,4.9268979488732425,4.9151837135891805,5.039372653752991,120.30042234263192,Si,30,70
503.896022163689,5.058933233209622,4.954747309415555,5.052641813338729,4.955468413138234,5.027832084667324,4.969045935910787,94.67086432494813,Si,143,70
490.12714441344076,4.995630634501111,5.033784602552254,5.047663681836976,5.034823516900997,4.970828747714677,5.012798634118447,112.53410377401912,Si,30,70
494.000071897358,5.0026868904609705,4.988404065584702,4.924174078371637,4.953368723771654,5.070439462542959,5.071615335141467,146.8280681361568,Si,143,50
504.568224171851,4.96997741853075,5.045323039866561,5.002200431155921,4.977290666593526,5.013600631536188,4.923536236745088,108.40049458111656,Si,30,30
496.979143480875,4.983555294370434,5.044242578074741,5.062016526510828,4.902895145003777,4.90640857899863,4.9726493784468255,109.82983630580961,No,Ninguna,0
501.52342301575925,5.0018708401693575,5.05393292685918,4.946625793424882,4.972257188629811,4.924231582221794,4.961899796208923,95.550413326172,Si,92.5,10
507.4173457958468,4.927485640682493,4.948048312172006,4.961524148444205,5.090845431104279,4.920638228938091,5.08860395746495,110.36284236318521,Si,137.5,30
503.07704896110437,5.055556850292986,5.095826173646753,5.0942787691124405,5.042720780675038,5.0551722006642335,5.024172315026569,95.05014565181472,Si,111,10
498.1101738432961,5.034578091112635,4.976926543581686,4.965411570619506,4.945022082560184,4.954028376244813,4.967832868809641,93.03836938138971,Si,111,10
507.4845614023892,5.006998981113024,5.049605859617222,4.917515229098208,4.961711402582386,4.9492237891792765,4.923472092743682,92.70734709624648,Si,137.5,30
503.1468169194579,5.0673751855444715,5.069917537641866,4.925279741053948,5.015498430455888,5.029685579548846,4.905800779594337,90.0820540692141,Si,90,70
493.90534795571716,5.0069278982992635,4.94082216959463,5.004404125690731,4.997969743785341,4.991424594586456,4.983793046483754,116.48066918135565,No,Ninguna,0
504.8823606460294,5.059496694814528,4.9516203859566374,4.938491532525489,4.961500886675123,5.063586019838072,5.098011410946808,130.17173774640025,Si,143,50
500.4554483052752,4.956828967073508,4.986707680538384,4.908068189823099,4.984857434704496,4.918130517759678,5.061228257404037,103.18321981021953,Si,30,50
507.80072058885133,5.098738545482466,4.924815728506628,5.002293063539645,4.996919837003986,5.06615180884048,5.016303263757561,84.3681678712715,No,Ninguna,0
500.6609121637637,4.936469528797683,5.030515150018538,4.935331723103724,4.991241614836796,4.995332658721743,4.9503130865935,98.64680372240187,Si,137.5,30
508.67750881951144,4.988977371209058,5.022313788081643,5.080692242096295,4.956534168654659,5.092549266449678,5.030527309118551,139.75923674553968,No,Ninguna,0
498.7914306650885,4.981512327907535,5.068634095053792,5.06537220906717,4.948989979237509,5.075699118385239,4.937821427770668,116.07982944197684,No,Ninguna,0
498.0266925102264,5.056014532286414,5.086487282111228,5.084415207081814,5.09023236382313,5.094053077828229,4.9710101452703075,132.55915959040158,Si,92.5,70
505.51238569669164,4.919622448323435,4.959336197953836,4.918143812469143,5.021477365240351,4.9752125720191644,5.0242068543529745,80.54314302450543,Si,143,10
506.06322356962283,4.915901900061829,5.008380906805894,4.952208315678709,5.0410979826084095,5.095799871829608,5.031305317569236,121.86575220586172,No,Ninguna,0
500.8978900447877,5.076413814507245,4.94477083178672,4.934907403072186,5.024724539289237,5.047581112022717,4.97626768890204,130.41666282144257,No,Ninguna,0
509.4898884690348,5.0688763280214895,4.967144050471871,4.945715110726611,5.0049130338799115,4.988287874162063,4.940822871239794,104.1479644465905,No,Ninguna,0
504.6789605364598,4.947006827799465,4.983617708538159,4.95336779543729,5.033077384284603,4.950239936294193,5.00116231604947,101.12611120317439,Si,92.5,30
508.32724845997444,4.959226683608182,4.962606746493728,5.083607719151189,5.040363068667732,5.076160512574463,4.992567717437651,123.10873508049814,Si,30,50
493.18855746866836,4.925325906497693,4.920854952184626,5.0186539776427646,4.968383664701591,5.094447532554431,4.999297078013937,118.49962701223009,Si,137.5,70
509.1599679722035,5.035409602604911,5.072197155058698,5.0314229539390425,4.948267758093057,4.946359395040164,5.09099415930389,137.91687981646697,Si,92.5,30
493.0293559737709,5.008026232156899,5.035467477095848,5.056609609012714,4.914478914352413,5.036957828893066,4.936898330957309,142.57194315859232,Si,90,70
506.8595208487656,4.984652918400787,4.958792081230986,4.932933534806185,4.999087650575982,4.9317761822932535,4.976142921417145,127.45620904442197,Si,90,30
495.23778192067414,5.0062773803990135,5.06330488969622,5.094356109027962,4.98730907971466,5.011336017977961,5.082853156976576,143.01909062135644,Si,135,10
509.9430864872847,5.097277224212162,5.035483024965223,5.011934706739696,4.936089255916338,5.053409540558137,4.990611035185928,110.29566717167631,Si,143,70
490.8103501623046,5.050972178060091,5.002924890941356,5.097872331985242,4.919570213579013,5.0256666312725935,4.916038787710843,88.11969344688428,Si,143,70
496.26988816529854,4.911486130489759,4.93516155450178,5.066059122284144,5.055831300021491,5.007659180928405,5.0129623117820925,90.33295152024344,Si,30,10
499.81824573878396,5.059643183111517,5.020645614486106,4.919895992030411,4.958495159685636,5.013657517294232,5.085169360708961,92.88796924671826,Si,30,70
507.8120729670662,5.057271199158812,5.074241566665799,5.033507551781497,5.013798744552366,4.993338629292626,5.005173035613147,130.98750626415847,No,Ninguna,0
502.607176546475,4.996138294347933,5.055727384352401,4.91113618178203,5.072734607127965,4.974236929447335,4.986937114194416,129.79658393700072,Si,143,30
504.4682014822233,4.91199479464618,4.907778521459241,5.05756974467576,5.022342306547714,5.046827691162981,4.97217233737823,99.44539092886359,Si,90,10
503.10533176646385,4.902086173494352,4.933211542186691,4.9626211754444185,4.99895601263741,5.069210207322768,5.077620546084693,118.16287911134646,No,Ninguna,0
502.1596478972699,5.050858221686072,5.024142503088448,5.0799664692924775,4.9254726370248525,5.02444011348491,5.095938355515963,122.85004674235182,No,Ninguna,0
491.30668279616634,4.9886916118686875,4.9759054405364065,5.055918727698639,5.067146561349481,5.075363725821117,4.982718716564103,146.75831498953917,Si,135,70
502.258615136111,4.94482232737184,5.060585118179562,5.063524019514543,4.96140992507044,4.939197741354333,5.012884933920715,143.16399922607627,No,Ninguna,0
508.08722836960675,5.080339174426987,4.976801833642516,4.974275650620485,5.087916974591146,5.090738664199986,5.033896046827077,121.53397517075705,Si,137.5,50
491.44878667727295,5.06354629171955,4.96082852986907,5.04478305813276,4.912728434388393,5.0623994863656065,5.056674440280796,85.8381184705907,Si,92.5,50
492.35729058796585,4.988360802940887,4.901573002995643,5.0027113653741795,5.007713628056687,5.030724431059643,5.08201603737631,115.14227735627736,Si,111,70
494.1281570024266,4.957085130662149,4.911691821110629,4.949243474602574,5.038501263077613,4.91790561809822,4.996139689229523,127.05155951576135,Si,90,10
501.48619134888986,5.010963721750611,5.060805498461981,5.067355374527784,4.95346313111173,5.078288901433509,5.036266868985941,102.33418299769099,Si,135,10
497.5365121468342,5.037684679930019,5.087924891215127,5.07053510494102,4.996046934458318,4.982868450088743,4.948002444725437,135.52248627290794,Si,92.5,10
507.1526233837795,5.071744819462496,4.995171489305253,5.039183333285545,4.924001771571542,5.024134827370988,4.9071569415727625,146.28091570577644,No,Ninguna,0
501.01605992089065,4.917201147528101,5.005883493691186,5.03637667961588,5.044270276800935,4.9323912441317574,5.076018216849644,114.87252837987945,Si,90,70
491.1092749737998,4.906330034582274,5.075755502860796,4.923068756320448,5.074798036661466,5.006220569783139,5.030281804737869,137.49334227354223,Si,135,10
494.45103892093,5.02331520613603,5.065650904266881,4.992259454629589,5.059251156368524,5.029943222975731,5.010116021560483,85.20120833398872,Si,92.5,50
503.3553013675237,4.917279178360087,4.942516451208491,4.9639974303526655,4.919899221423457,5.012080186769869,4.976210310644242,82.32851388419319,Si,137.5,70
501.8490109237441,5.039195833580075,4.9845413946494865,5.008837607670232,5.021417489627512,5.041953208670606,5.045333809633167,143.63559343488316,Si,30,50
497.30557019431456,5.005772069493263,4.988372260371749,5.005426013998613,4.910903842689173,5.093416765066774,5.049228256137191,106.84810889136307,No,Ninguna,0
497.92295830844563,4.932278601905296,4.926590498192791,4.9215026831437445,5.038851933664153,4.930339760357875,4.999491096670084,139.56352256170135,Si,92.5,70
495.7919210127005,4.91267865166152,5.0300229755989205,4.963696634970344,5.090976177182293,4.955958665075766,4.956850719817381,125.63844844027267,No,Ninguna,0
496.7949767686844,4.968760375663093,4.963063052050148,5.025764973225404,4.927576221887496,4.905233700469111,4.900284954845415,101.12730237999133,Si,143,50
493.8726351134773,5.072869316974489,4.993164007775472,5.042371213302896,5.0102346439132495,4.944717246148686,5.038431462931786,81.18435903714227,Si,92.5,10
507.61916317329496,5.033601783476257,5.039331908093779,5.045640437460926,4.985482638823998,5.022482857918461,5.063130682617877,139.24656459628957,Si,143,30
507.8594176595621,5.089251558871625,5.005364610417038,5.02017385778397,5.059715486058393,4.956173708368834,5.0078911449982835,128.20917601900433,Si,143,50
491.19039578689035,5.023887068733289,5.068343776024537,5.094800910861569,4.91815930602334,4.968178714208679,5.066070408250172,139.42438574239173,Si,111,50
504.8606522892342,4.917768052568592,4.999565722955717,4.9226660987580555,5.088977222489266,4.949990499461094,4.9252367621919655,102.38664646258312,No,Ninguna,0
492.66858377224486,4.9035065502642725,5.01434491660987,4.917872054671876,4.956512244490237,4.9909058151398,4.945280008313388,102.94581672229351,Si,111,30
500.99423011296307,4.989744762881081,4.972679723523618,5.02512088966936,5.066668294829732,5.097325615379139,5.0685388412717804,140.1838665141849,Si,143,30
499.1014310849531,4.910240086005899,5.023544827201599,4.977148047859761,5.026774927322134,4.989123766336848,4.995762449934205,138.60374679249844,Si,111,30
509.42202586982563,4.94078711026723,4.964430570573022,4.910475144800255,5.048864901667933,5.034223152393542,4.975829599996041,111.20199676063493,Si,92.5,10
501.68646152340193,4.992505635439983,5.035876624644902,4.906692481780762,4.934047190514735,5.019135716630539,5.048070182315336,135.26251486469076,No,Ninguna,0
496.70209979502545,5.047246919843517,5.023074904409218,4.933319441705809,5.084605107763901,5.0194056411677055,4.994836963023594,145.39000742597378,Si,143,30
496.40751709768944,8.16402993265898,4.926178890503731,5.078358970240645,5.0195126257633005,4.942320690887534,5.023549426689793,82.11196004297682,No,Ninguna,0
504.2792505190254,4.950239755084455,4.973103777677682,5.058300946788993,4.904936734196273,4.9632486795091575,4.937891928436987,92.37901774273337,No,Ninguna,0
497.8141037505145,5.034169103716025,4.94516595441521,5.078912476487378,4.956619700569608,5.035045639628446,4.945674382648515,98.06319834117693,No,Ninguna,0
491.0850523483833,5.048685867205082,4.968336018785425,5.085431126588077,4.987407258616327,4.908442892154248,4.9470910928965175,133.57085601416622,No,Ninguna,0
506.06030348824373,4.904790017769628,4.942970701339389,5.0289332064026535,4.933719034760112,4.911478730718444,4.946986590736931,89.36116818375947,Si,92.5,30
495.4145677390063,4.965480049577107,4.901452247759022,4.907010372640647,5.026054854555646,5.052760743082727,5.008486490043195,115.51300710015599,No,Ninguna,0
504.71682991987575,5.009870768356741,5.013177873499283,4.973245136631812,5.0809742437313075,5.077009593423039,4.91234132221393,119.75417344249507,Si,92.5,10
498.56703029045605,5.082159499793084,4.971847549865318,4.967774723325404,5.004855111139935,4.962737798366393,4.977084566516213,130.08454859818994,Si,90,70
506.9138771830046,4.96292128796273,4.925163467604667,5.06033442184897,4.9120220699669135,5.004722186475441,5.00404620495488,142.02342084314267,Si,143,10
504.3833015105429,4.997468954972457,5.085145136291439,4.985721001812023,4.91679943767021,5.000624029879023,5.085804657194314,93.1586057850028,No,Ninguna,0
502.5047265954064,4.928707830578121,5.017600017354454,5.040564214360878,5.084217777096793,5.098147356352034,5.071498097126921,133.69848656241822,Si,90,30
506.5872652007497,5.02819285470713,5.009583093098717,4.925163230222345,4.981983870782164,4.957603623197061,4.96649891963933,88.38168712236637,Si,92.5,70
507.31624242016227,4.937793744600607,4.912851342725893,4.90725644029926,4.971354899422263,4.933317749876434,5.074541544265053,80.5227668789119,Si,111,10
507.7704336005063,4.967720816206785,5.089442268869401,5.001036711853794,5.088385500189501,4.960912247203098,4.907749259149765,81.01276735513531,Si,111,30
509.8537810481739,4.995901627535035,4.906092052378324,5.007697919896267,5.070582265540642,5.057964532294041,4.9663466641949325,128.44541794534442,No,Ninguna,0
492.637570538696,5.060040974617249,5.079967658900644,5.010748458490523,4.967682148461745,4.94578719008772,5.040185687287438,138.10533480173638,No,Ninguna,0
503.2237729899383,4.985265923289046,4.983622432269878,5.025932605684697,4.928149599235344,5.038572345023098,5.08860334815497,133.3890388278368,Si,92.5,70
503.10380528674904,5.003125594626997,4.907756994198505,5.038700312998189,4.97084255447746,4.965923648572636,5.094200759865281,132.65720709081475,Si,143,10
506.33374372873334,5.089676014238932,5.047183526363442,5.0001138790138215,4.921151466179989,4.918813227672407,4.929776930333762,109.79269918420225,Si,135,50
505.79035686038725,5.088102314937343,4.936022319662585,4.965485695380747,4.958974602518452,5.0887194935120394,4.974678749455911,113.16823715795081,Si,30,50
502.0965577608553,5.073446478177609,5.029132115074224,4.902726486135989,4.9622051939894325,4.928281036139951,4.906160940448186,139.0041233169548,Si,30,50
506.39466400307964,4.952576422301478,4.955272667080556,5.064624194795713,5.094626750988593,5.010509317484498,5.009211812286424,109.62240686257908,Si,90,50
508.9695948202933,4.9348277931437154,5.049978248299058,5.060829739245925,4.941393583705065,5.028100655313301,5.015746264192058,127.43623204820673,No,Ninguna,0
506.2286937262984,4.912650894515285,5.001065052545493,5.059301112659413,4.944240692396343,5.066604346177669,4.909137008254304,110.7466830152867,Si,30,50
499.69190031153573,5.037534488145493,5.011633729806432,4.925290991838864,4.9581096598858965,4.953686307011589,4.937400541995195,104.31677003105355,Si,143,70
490.939222324758,5.092875428298699,5.074890443391674,4.901293819522302,5.045579565073747,5.080756562296015,5.058454024037411,136.08932261390373,Si,135,10
493.75512489339707,5.086657690236495,5.085176114133523,4.903432473778832,5.092760154599647,4.975050988520401,5.071605943549601,140.58168867877004,Si,137.5,70
494.68799737424814,4.995894861299068,4.939378024180294,5.062998221693167,4.928758491799673,5.096080306607338,5.023292086735041,108.54140966722576,Si,143,10
505.171898566518,4.942620835615903,4.972298159398329,4.989016949425052,4.9643124174162185,5.017540263194797,5.022633749215298,87.38261511943027,Si,92.5,30
506.65307597835664,5.047008016689999,5.086287222851641,4.989748994724328,5.017143698008294,4.9187833383427195,5.093653836861883,85.85426886304968,Si,90,70
508.26156286832475,5.0396028582151615,5.065224749727129,5.090613520622538,5.0471104766064245,4.980846581903084,4.948523927032513,91.4549644919568,Si,90,10
503.74733174060964,5.049538596799247,5.09448254986576,5.023075507898451,5.073781681634011,4.985380319314666,5.049051683990357,90.27677300626524,Si,92.5,10
499.92555192136274,4.977417489055316,5.0737981707029105,4.964325570331774,5.002356894332877,4.972659270950944,5.040202128565201,97.31509357900404,Si,111,10
500.57847078149706,4.983345232673588,4.965221885477392,4.902431666123155,5.040188933436709,5.0937599209975355,5.037404010477935,102.66151283398054,Si,92.5,50
506.85506101071195,5.039849499267404,5.014225050445813,5.091930680661627,4.929787584389694,5.047376710117993,5.006192636242781,90.26350480163403,No,Ninguna,0
490.7553766281678,4.913523077533222,5.072283286241254,5.065942638274338,5.098361664040803,5.0536496538049285,4.993247421698273,108.9031872358724,No,Ninguna,0
498.9974792722499,5.084377309940796,5.091851877801593,5.011604403296281,4.925573396888067,4.9060251642019335,4.940421577828631,92.71822441936109,No,Ninguna,0
502.81646585099537,5.025288899770942,4.907181787200369,5.0463579903589855,5.068635162825137,5.0368852740452645,5.049402582911218,126.98863872100335,No,Ninguna,0
497.858530756303,4.960222045388608,4.989245311255147,5.089584445664848,5.098414545986344,5.0456774500682045,4.955323574121306,116.45177479739644,Si,135,30
503.3558574531399,4.960259870939247,5.055267687644161,4.904978624292777,5.0954173754345495,5.003850354226988,4.9195193939441095,93.3840412647532,No,Ninguna,0
506.2579385931709,4.913851681340058,4.9731627826071625,5.08663323471492,4.938924197519325,4.994247855295717,4.9566376823401885,129.51405863586635,Si,135,70
495.4489852307315,5.011765364684414,5.042913039689006,4.960170049756136,5.022742357454915,5.042258584442873,5.037711201773842,146.42431797601796,Si,92.5,50
496.9483943847518,4.9934017452824415,4.915781906387923,4.937064853884312,5.060794410398749,5.075523616430554,5.0886638805283555,95.96860460582434,Si,30,50
504.11887249759695,5.019903249297246,5.098744207285363,4.902042589017264,4.90686032739259,5.069555375548709,4.995304951673407,88.35030362418975,Si,137.5,30
495.5343339602101,4.967444774106422,4.943421992324402,5.075206235682172,5.056378378208215,5.072059376686413,4.914336943937275,115.60236432993722,Si,90,30
509.17329727795845,5.065305343244981,4.957925074815284,5.055277229659944,5.066869737931152,5.080540330126305,5.0133096449444725,115.31362776201458,Si,90,50
502.2218352026673,4.941440673901495,5.038572157566237,5.011497625668907,4.96966967857997,4.984568872992422,4.92818072794132,83.7227023151584,Si,111,30
509.978993430526,4.9545324576717595,5.049344407001955,5.002417538281705,5.0922447326699505,5.0094352512639055,4.903479748366842,105.08399984898112,Si,135,30
502.01812931529753,4.949095363442408,5.035520601690417,5.03806258042169,5.081529752038443,5.021039229675161,5.030796060067145,121.33464451987406,No,Ninguna,0
505.9842395085318,4.943134970879536,4.99254272475991,4.9222673855432655,5.056076700924252,5.026505963379403,5.062117131258267,120.32423294681809,Si,137.5,30
492.4368555570715,4.9817094035006315,4.987459349863382,5.040192028357192,4.998727075280472,5.062639496747788,4.9447854873224975,132.16234187365043,No,Ninguna,0
498.30244736126593,5.026931389183744,4.901229252393196,5.073235035996229,5.005790283335416,4.903785044448949,5.085864842024137,135.45227346887478,Si,30,10
496.1367827093761,5.052651198890654,5.0409192668509935,5.099213529669032,5.075621738971183,4.994932613733107,4.964921334010259,130.04593135275258,No,Ninguna,0
497.25963897766576,4.9194518287238695,4.9609946847927775,4.934923127468998,5.018940767512183,5.056531109863997,4.992852736463655,147.2302523987406,No,Ninguna,0
491.8525256229041,5.072365502866593,5.075558474273934,4.991583141593281,5.078968566884471,5.064100132044763,5.087515950194731,116.25413220686124,Si,135,50
494.3439667914165,4.9748816573772565,5.099451521787372,5.074606172270388,5.069928458406568,5.082669885075478,5.0307195557409825,133.45108772898533,Si,143,10
492.2889263996901,5.005762599914217,5.067737746597261,4.972305064961295,5.089179216651223,4.955396013321995,4.999497159213611,87.85247278846276,No,Ninguna,0
508.299551379821,5.03804788931756,5.061014006924611,5.049654906895812,4.920063605952898,4.920284941955523,5.0302664375565795,106.26329581273512,No,Ninguna,0
506.4635993345477,5.064599231543616,5.029574098892096,4.986031070788832,4.914985180927713,5.039805945209213,4.957371256462347,141.62265018702152,No,Ninguna,0
499.16878348581673,5.044165378401743,5.071005238907215,5.020509614693989,4.996592675920778,5.045456581359842,4.989955159627811,120.13799949261795,No,Ninguna,0
504.61339198477106,5.08930349636989,5.079514621789639,4.954605137547391,4.940542367352128,5.045755666320764,4.974370954215867,138.2755930245111,Si,135,30
494.9717925536049,4.943594868470515,5.050682082938571,5.044828568804013,5.00016566689186,5.019729757504802,4.973264037047262,99.89831165801237,No,Ninguna,0
499.5690798906461,5.008759412658517,4.969433495854132,5.00819982693262,4.921405092252453,5.067807043389401,5.000855678009144,81.51703352352884,Si,137.5,70
509.57619566915895,4.930434966106424,4.964479860138005,4.90124742883736,4.982893713146588,5.034983848351758,5.011153084066041,131.39159100667635,Si,135,30
490.4737945033036,4.90055377649259,5.0253845176723795,5.075950312282867,5.058281190357203,4.993688060748606,5.0819625786928935,129.072427033365,Si,30,50
504.7413548407189,5.044854490679535,5.062757984562174,4.910310725466343,4.967935772771162,4.9117300370791455,4.929154156679552,118.18231484756109,Si,90,70
504.7142277798148,4.904828652725824,5.094316105485363,5.053373614588127,5.04819912064088,4.989563776056514,5.0068716985882755,123.3003574447889,Si,143,50
494.7005763497233,4.93184952134119,4.989971444694936,5.0674617711741,5.026131132218542,4.9984027311489765,4.9460286495601595,98.80294473601843,No,Ninguna,0
507.9733895943383,4.961959072406397,4.966231871240289,5.012841714381306,4.907712229812634,5.036706289440842,4.97392217398236,138.3197599416203,No,Ninguna,0
495.74190858367535,4.9784669287999685,5.023813717092195,4.977220592594797,4.946673173228604,5.032555375968096,4.997722843998461,91.16715374590157,No,Ninguna,0
495.88034341117725,5.043733467568928,5.078628335321854,4.964543181905196,5.070534065258693,5.020577516295351,5.021542013498065,94.57936488148272,Si,90,70
507.6274008228065,5.051487549974526,5.038392417586881,4.989549343803219,5.079543361508788,4.91020167372961,5.008057151154426,86.31658318497306,Si,137.5,70
500.41639256198783,4.980095230373897,5.041822824154178,4.97351029844176,4.9670843265262095,5.053840373744566,5.083746485036301,126.62583995266584,Si,90,10
498.7027573062995,4.975158831476359,5.082281161242218,5.061246550827804,5.000618534990463,4.906882718838551,5.058851018005641,98.23982725959283,Si,137.5,10
498.44813867531076,4.940487901674137,4.969768382338542,4.9954742662835425,5.064856108866037,4.9751496105894875,4.996957672956177,144.61538038814217,Si,137.5,50
492.76797879354217,4.938298428032644,5.037011094233673,5.037491305713381,4.958688996484642,4.962935684523369,4.989633609171177,121.15902488594288,Si,143,50
497.0736365465809,4.968061198934164,5.02665290642332,4.918005682879229,4.984734624113257,4.995649128284272,4.924401169759918,103.41734049592999,Si,137.5,30
494.02842613073364,5.031746986873666,4.975119760284491,4.9054834882060145,5.025197118596508,4.976919699658174,4.97057111061937,125.47805424952548,Si,92.5,70
505.71141799655703,5.031157638071347,4.963430129604433,4.924686530818355,5.040226968236072,4.965084803466277,5.020394062683715,106.88566208199316,Si,143,30
497.51505124654574,5.072217905721243,5.073465957073588,5.09186828248825,4.989218645877505,5.021298927907114,4.941950044853534,94.9732670048991,Si,143,70
504.1649680158157,5.05691464699546,5.03153552857872,5.044723899024201,5.003080747563139,5.037344560830528,4.907371749747816,144.4965119287436,Si,137.5,70
505.3364845716476,4.9119547684683225,5.003051994990017,5.052693894458945,4.9686640621280045,4.995947504689386,4.948096748724923,86.94899520821717,No,Ninguna,0
503.4467022551037,4.979482673367194,4.982529022341693,4.901820627373188,5.075886133044567,4.923891098496843,5.037367928970334,85.07523521670397,Si,30,50
508.42020319999943,4.932979662844124,4.9559719239334,5.059348139168245,5.083799585740324,5.094517005396128,4.993048125406627,119.01704508304653,Si,111,10
505.8778006015391,4.907400540843015,5.0488266040988075,5.047205943276437,5.014983052280292,5.038402424196399,4.907895531450976,120.64688503064605,No,Ninguna,0
495.481992186097,5.034475860246928,4.957146926140771,4.968900770255232,5.000489405836474,4.967780689570966,5.0325037694755395,95.92465120295132,No,Ninguna,0
496.78649004726816,5.02192767103287,5.093985102835004,4.9302652311210124,4.913172756884369,5.061124732465307,4.979194234801686,104.85402653709572,Si,30,70
492.3534941624459,4.931389751759893,5.015883921221457,5.0410899239853055,4.94552409045533,4.9155137092398595,5.028684766474938,146.42615674002602,No,Ninguna,0
504.6202668854455,4.940339388208384,4.994605533146307,4.993772423432576,5.004590087419567,5.098687114422618,5.097636848275276,126.17379590050922,Si,137.5,10
503.04295529423973,5.077908203253059,5.046360833484599,5.084720510858998,5.054870182315706,4.902006972685197,4.9884321391087045,117.19682958513442,Si,143,30
492.3201440533499,5.034688053718694,5.084884616415393,5.074538559379941,4.919739460856393,4.97895155886506,5.0090479667517265,142.99623091108663,Si,143,70
494.4521785725331,4.934933210719098,4.973203428465838,4.933671865764063,4.93680007429953,4.934474937149267,5.023396915195055,116.4009097169309,Si,92.5,70
495.02878882416036,5.0036298870612335,4.901448207145055,4.986268403314508,4.9868655612745965,4.905271576502911,4.999757424940335,80.10765460220442,Si,137.5,70
503.942287533967,4.99734679906941,5.022427064084091,5.02599783402247,5.032651550124987,4.976386818993806,5.025743976029163,139.22128977519432,Si,30,10
494.9489029193801,4.932744229932298,5.079544818565934,5.060523079828571,5.021020756784875,4.932943475396125,4.9689210379708895,116.19652484932249,Si,137.5,70
491.1146193855754,4.9272369869185475,4.987081950741221,5.064779086891984,4.929178415564927,4.971997197739531,4.996993079544497,135.10983784840167,Si,30,10
491.85230595782247,4.985286636050566,5.0526666645067415,5.073304318205977,5.079500824748385,5.008363960249756,4.96659679383848,87.34115861342622,Si,92.5,10
495.8901919233086,5.004520959901417,5.014374006380052,5.080088110807047,5.035815757292499,4.993726112493257,4.979945077149,144.24089241371593,Si,111,30
492.8885447328609,5.066435938017733,5.011492250450807,4.9401107022986865,4.9909900121907995,4.939702551906925,5.041393297935927,85.94071626363962,Si,111,70
504.51900520386226,4.949918910127422,4.969397171512094,4.936092397728527,4.933650340429179,5.099259129679318,4.92314480946564,88.03492669331465,No,Ninguna,0
494.7062351274235,5.02698141683983,5.0981959341559735,5.091772135124343,5.088401075137988,5.073449579178526,5.059389877785536,141.99698592918898,No,Ninguna,0
497.3804279850289,4.961641323251665,5.0256470994364255,4.924940634257963,4.965111201033292,5.058955778496046,5.021318441719967,140.02580399788837,Si,143,10
506.90142737527793,5.069595897784369,4.994425162177399,5.049028025000981,5.07912340640096,4.97238925382075,4.900712937387364,138.7675608791846,Si,30,70
506.5036389035833,4.962234012068265,4.93862954488263,5.023961029550996,4.977815616103918,4.974473544662759,4.954075549602955,109.55033376024082,Si,143,50
493.00241841998394,5.061176764850405,4.953325037505598,5.078563594340165,5.0784245449606615,5.045319403566493,5.044705557592264,91.47161412274535,No,Ninguna,0
491.0447801042727,4.9238838868766,4.934247161203043,4.9902196647387935,5.019007014738658,5.060498597426154,5.065046953621918,85.89170599497479,Si,143,50
496.25209815715533,4.98016098583869,5.042602396581878,5.063866109254434,4.916553959418679,4.938350367799805,5.065839369012026,102.86306378190102,Si,143,30
491.78873039763755,5.052265151159734,4.918753773851438,5.050650923550314,4.949516186125849,5.081209574086641,5.0688393175530075,91.97658706807889,Si,135,30
500.17801739035195,5.050020675618819,5.005375831831385,4.93731567775613,4.939285367693413,4.916718671599171,4.9735805150762005,124.48713653652143,No,Ninguna,0
491.2589404689673,5.0698769675760555,4.920619370352534,4.914349604878002,5.0614035406039015,5.064041089851698,5.093772684517497,115.90905296430293,Si,135,70
506.59915612954353,5.002181045851722,4.932272080328534,4.998954373384523,5.0271035886132,4.92578405032557,4.980850334106573,96.30383920643753,Si,30,10
490.25499913815526,5.0298524232410164,4.961337941258148,5.0906640517428015,5.052696551975123,4.93704370194669,4.991820082887576,117.562950637972,Si,111,50
495.3775859286477,4.927467674238176,4.960414764446338,4.951246705235781,4.928748726345155,4.990018812460825,4.9843707630713325,114.5763185472228,No,Ninguna,0
506.5603331955381,5.0525290085730665,4.9327138116295774,5.08056474978595,4.984758417079342,4.997623143897986,4.970108519909744,86.41075431629773,Si,137.5,50
508.8351957169932,4.981092499785803,4.993065499374482,4.904062557399483,4.937664543773239,5.077701660361476,5.043104829470952,90.73067441244338,Si,135,10
497.74997191365156,4.911173005752566,4.964886313641617,4.978839112827344,5.0497695201913375,5.026485965537718,4.979094050603807,86.40855671467074,Si,111,50
493.01246715371985,5.063835620007064,5.088267635396456,5.040822706880926,4.945489739879439,4.9590743844983916,5.03079030577785,97.88096321510476,No,Ninguna,0
507.2800139866438,5.044861568646898,5.051515603098453,4.914973176785292,5.0205085383198575,4.908323306927533,4.950764529926813,113.42185885705172,Si,90,70
507.45442367472157,4.9553523052029504,4.9860544261343485,4.908902895953204,4.98444883950631,5.044910220365837,5.025593405340163,141.19325152522646,Si,143,70
501.1590336296258,5.056897487388863,5.08876147585171,4.901747485973977,5.049699376693903,5.077158910543634,4.9041581836369295,139.33502435837383,No,Ninguna,0
504.6647803651518,4.979141403597898,5.0952006749438565,5.022009550264256,4.92667554248124,5.033906528913794,4.937414374737411,120.71792172535643,Si,30,30
505.2678934796896,5.083854731907854,5.082808164930285,5.063336106156198,4.9204642305864565,4.940277604255506,4.912500223627571,127.05880316563616,Si,30,50
506.2876405075386,5.0318388622709875,5.0260585292872335,4.961809532870922,5.029437537154694,5.009114169262491,5.034122912148707,149.28534502932877,No,Ninguna,0
492.25932584826,4.973921748380537,5.007074078608335,5.094361160375843,5.080062640173419,5.009207816105897,4.906820354448346,80.93768634162878,Si,30,30
495.0900929360256,5.070141714950916,4.912464543760536,5.065949893934953,5.034532839244444,4.987334796155224,5.005702503409678,129.7843009411322,Si,90,10
507.80928033193436,5.071617262337122,4.931970108891454,5.019389984072304,5.013625562668802,5.057308259675488,5.046853018946416,90.91425326088876,Si,111,30
507.29907126162647,5.058520471805518,4.912460103263207,4.95386597481634,5.0291714213531415,5.097854811016025,4.91522152508315,87.00976622312398,Si,30,70
502.9376280442172,5.084943723662927,4.936156671287117,4.972346628545095,5.006516623693702,4.990590476921109,4.950077123666225,111.27726112950222,Si,143,10
495.85642826761415,5.0446504860670265,5.081982940980855,5.069729887884708,5.099589408692466,4.9905152018040875,4.9247477700095725,108.40805668119702,Si,135,50
495.7114288834527,5.006504947314558,4.920251320959073,4.922250297106602,4.908366867043337,5.0113305101603665,4.924993771100752,82.51261711221102,No,Ninguna,0
504.35747217238463,5.048343677088551,4.91591618262542,4.972155648169135,5.012812152633381,4.954231706381681,4.991363789686032,98.69067629811894,Si,111,10
499.5083428339213,4.988672172842666,4.987350116237207,4.940339222914091,4.945198041776554,4.942084124215457,5.035597667775647,105.06815681552958,Si,90,30
507.94371093257627,5.010181361793851,4.913168372181701,4.921222674952757,4.987383474764102,5.0585608059288605,4.972950678495581,142.85802668700245,Si,92.5,10
491.9209938645865,5.006936318866762,4.991812805817796,5.01919736160833,4.9842528658312295,4.949725277338675,5.001109203857059,112.65721095698802,Si,137.5,30
492.1824319461,4.995179758783118,4.924754716588698,4.962591203735901,5.089399777077799,5.004028578616726,5.000207538710674,131.67167979992092,No,Ninguna,0
498.9167565345899,4.927865221238784,4.923644452433861,5.013353983858555,4.909919651091837,4.975875625371242,5.012395991088495,134.7339604813081,Si,143,10
508.4499646776346,5.01008572097739,5.001475241708572,5.04846531060616,5.024624207168515,4.9733421782710225,4.93262823901499,136.75369380402987,No,Ninguna,0
504.3016983279001,5.076310379997706,4.929937608546776,4.933608603484702,4.958861856409043,4.913283800233906,5.049619889052789,116.11368273991083,No,Ninguna,0
506.0186191360589,4.988083836460842,4.940607725493696,5.052318419417796,5.068307431147808,4.910183349508958,5.085439121239432,100.3986249668963,No,Ninguna,0
501.61293838238765,4.922535044015872,4.908983727563079,4.9639645939755725,5.0110708550615595,5.06630101495492,4.939414617008386,82.72657087115577,Si,90,10
490.30713705087743,4.9217806890700055,4.996171645580969,5.045756795344563,4.92821222703186,5.053798930453253,5.0054387580472905,87.55296855939729,No,Ninguna,0
490.9554095321671,4.921491156387469,5.051242378104498,5.043630100085266,5.032777470949745,5.023186196813796,5.093178879193861,93.25877136201349,Si,111,70
494.92598664637296,4.905345583488794,5.060431204854227,4.917674986232592,5.055705245506438,5.029966299212277,5.066768095110007,89.69235079664263,No,Ninguna,0
504.08925140114525,5.004480617426321,5.083874315319614,5.003280828351484,4.994832505832658,5.058753369144752,4.987960085082572,120.58975288452206,No,Ninguna,0
495.9393311347717,5.014669352104933,5.084453999394378,5.090735741367909,5.012739024605765,5.082931336352445,5.047369460757944,142.26333308328157,No,Ninguna,0
497.14178881310653,5.0429369166228755,4.977138332092322,4.957832740829368,4.985736505178943,4.903452571636702,5.091797350130339,102.06614408882842,Si,30,70
497.4060405749153,4.984753744197687,4.941295546328099,4.927945361686352,4.9134869513916275,5.050106667300161,5.070664495228501,111.78892861305746,Si,90,50
509.97411495767636,4.95089306444884,5.028970811751481,5.045475511921618,5.036074470559053,4.997282283143143,4.98054928200472,99.25109785622018,Si,137.5,50
502.7148984142993,5.038476491660406,5.0223902576365855,4.993560242909405,5.012383001408763,4.958728700310079,4.915725221034153,96.99541899387798,No,Ninguna,0
499.5953821543012,5.02481312092359,4.936312010423792,5.002410639734585,4.955717333610836,4.925451884074574,5.049984042925378,130.85020873609534,Si,143,70
500.8195209180387,4.980896378281803,4.989473076448655,5.027652580334685,4.964057398478957,5.05069314079314,5.065560550580403,90.89086799990226,Si,90,50
506.37979467864665,4.950354964044055,4.984381092911155,4.956434017181109,4.950326688167365,4.9336524072658134,4.9710085678633815,98.71714792060637,Si,92.5,10
508.3390515088404,4.915428462548374,5.010717590984153,5.06040251310244,4.935849854888605,4.990775885531842,5.021681696557802,135.53482961823923,Si,111,50
507.63026579432955,14.879606612133294,4.985457434580426,4.944767425605696,4.916518532591204,4.917769417143738,4.968436754052077,81.46551374899882,No,Ninguna,0
507.38636834364786,5.063984983287768,4.987202197837314,5.026022727830173,5.001715415020938,5.051036305212065,4.924840183049578,140.72183178531128,Si,143,10
504.8053655049182,4.964431748855106,4.974504012934889,5.0573049854754055,4.978301603382802,4.9567972852997855,4.946804832850959,85.15018611514445,Si,30,50
492.3578762660503,5.0611875474118575,5.054045868586084,5.057218803555426,5.019633950729801,4.99241784447667,4.974513532848193,91.29076759508882,No,Ninguna,0
497.7872790254527,4.975368526910935,5.05639774258787,4.921151441279319,4.974848836257171,4.980497737344517,5.058906710268395,125.2688521241125,No,Ninguna,0
501.90665907413126,4.970298703040692,5.036679133863639,4.996456360786713,5.043383043499397,5.050992526787779,5.089935544861425,131.17722751416252,Si,92.5,10
495.4154512310164,4.985848351383387,4.998265508719611,4.993399619995077,5.064161121469708,4.9148340425976045,5.042276073450404,112.06199622599271,No,Ninguna,0
494.854556081839,5.023631989344706,5.015448020345254,5.095009690048202,4.911630021722115,4.902753503215937,5.046927918090423,130.4606568802175,Si,90,10
492.28234560583337,4.91426183731766,5.005140114701945,5.022024611365868,5.021609231713754,4.948648699138246,5.004543359973006,112.02577265558013,Si,135,50
494.55305586897487,5.030641530002316,4.932388337302839,5.02149347844247,5.003431189153533,4.949359468365535,4.963578780347965,81.02754587261683,Si,135,30
496.15197044180456,5.043159440772231,4.9713481110687106,5.023718597596537,5.0299214337476545,5.0023514550377906,5.042825780315138,82.74687942849873,No,Ninguna,0
499.6846975756766,5.0383211853426015,5.088442245369836,5.091884313104128,4.9941249897840185,4.920743209656645,5.035437825584506,132.78823803840584,Si,92.5,10
490.85812925542007,5.009715671318171,4.958629725702411,4.932677199710525,4.953822897761107,5.060432145568451,5.029124071632946,118.01341770661037,No,Ninguna,0
490.516778507448,4.938636519800567,4.938025992899254,5.064564551169612,4.914513393716843,5.082448446019019,4.954130725357323,97.35199077328194,Si,90,30
493.39910324113845,5.023755852689686,4.945646460925714,5.079984653892329,5.06823518912903,5.0686921091964106,4.962624643206697,147.76844505657976,Si,92.5,70
494.03613875741644,5.026856956761267,4.905590214250201,4.961366952498661,5.076602426058245,5.000933037509831,4.9158421879489484,83.49860521483997,No,Ninguna,0
503.4573155995483,5.036412688190096,4.953061605408003,5.08737774608627,4.958001704210128,4.970475626614967,5.078369894211338,93.8545849000804,Si,90,70
500.88546970167687,4.942429689882628,4.902815149101347,5.075876533420391,5.0484726073608766,5.0865776240495935,4.928426374169757,131.0621553517492,Si,135,30
500.74851197070655,5.083716158829502,5.068723855175373,4.913341403239635,4.968139992574229,4.905429633208983,5.057692483308589,100.42592141398865,Si,90,30
498.3481338633226,4.9861655368313205,4.9764976511183,5.0862447997948825,5.051027367134842,4.9373827947660125,4.977190546799261,103.9419998903841,Si,90,70
491.5793310479392,4.944907445048484,5.00345435987186,5.042303832864446,4.913837620809977,4.913272442527426,4.911078203332641,85.2978506398894,Si,143,30
508.16558444151156,4.989151546911103,4.949297688663202,5.033953091850738,5.0082568450220215,4.968509465459925,4.942547815084819,123.90244407116126,No,Ninguna,0
494.0300290629884,4.968926234149286,5.089629539032288,5.08399234141582,5.026515962890461,4.957635988489624,4.904382480240569,136.3650531839554,Si,92.5,70
504.87632324080437,5.018362650637717,4.902751457892034,5.074701198889991,4.942063591178571,4.931829616186865,4.913330197633562,105.79039564518946,No,Ninguna,0
491.71111519469366,4.982884359647706,4.904957727918403,4.965063616034887,5.007008749413572,5.048164598026868,4.967383165401589,134.53127138107024,Si,137.5,70
508.8483718166514,4.90644463911065,5.013125355434828,5.003282978480088,5.003618086041794,4.936422617033078,5.075667123630126,108.25907559745254,Si,137.5,70
494.14877305315815,5.0942309972639865,5.0047227755325565,4.939920654953795,4.9851606257355625,5.019130901952833,4.953571366062462,94.90070123649096,Si,111,70
503.73177143701025,4.9305936460966375,5.015847051073865,4.924510492105232,5.056378711905601,4.953900767756212,5.017352262023985,89.24423366962566,No,Ninguna,0
497.06899062105526,5.065784741587038,5.05745896902477,5.0471084767992345,4.92457663082088,5.056053028653874,4.995184481711577,120.32522123900074,Si,143,30
495.8355264320344,4.950629849592602,4.955330935801964,5.0713301443551435,4.983578108299171,5.059906227621057,4.949099020632896,149.71444832071347,Si,92.5,70
494.55457614442696,4.903198057395415,5.013370739983777,4.981152231077303,4.94049964281286,5.021452952155161,5.098691521747021,90.39412581948483,Si,111,70
501.53031339466685,5.004854264149963,5.048392239419472,5.034155659871745,5.036063147391551,4.901499310963859,5.015417434828791,124.44830890087758,Si,90,30
500.1606684759091,4.903745143969748,4.909928455191998,4.913317427819399,4.916605019540089,4.992354337901749,5.076628916387874,100.16867429773808,Si,143,70
496.31644523711986,5.008803647748708,4.971501106526368,5.069585975477106,5.043796116692561,5.05628812305022,4.979867007238463,131.6848461447065,Si,92.5,50
491.738807722416,4.99911597188022,5.021958685755101,5.077078006667212,5.025942776949795,5.060894392074232,4.958723308313881,93.4592401862457,Si,111,50
507.3409945535477,4.913459282564768,4.965766462542686,5.060649485425272,5.092827172491828,4.917050002199532,5.068105358154226,113.9264581536962,Si,137.5,10
509.0557175014186,5.035089688495873,5.073068652018328,4.957348491754852,5.017011074463716,5.050491537953042,5.02976178981832,96.26010151014279,No,Ninguna,0
498.63907500364644,4.943287682915041,4.921918248851135,5.047037973340142,4.943256902542785,5.02019971718118,4.927564020221933,136.15421035142518,Si,111,30
496.1351248289645,5.085005096874838,4.923995831305144,5.091129090644064,4.93322744744063,4.928206214888824,5.07072933742262,138.68881685275107,Si,137.5,30
502.85477612445396,5.011610248233101,5.062494296018018,4.991551560774574,4.973845979845109,5.087227360730741,5.094140108458922,145.50461025690038,No,Ninguna,0
506.49896491977375,5.073165285563087,5.007164705214781,5.090936538510037,5.088434477754858,4.981794772352088,5.009557290427545,133.77340740115,Si,143,30
504.90139413560973,5.033442696618317,5.058386469837001,5.054412369994914,5.077302466975495,4.968187426720769,5.050669999221178,147.37638548357063,No,Ninguna,0
493.37821660119647,4.94227572540174,4.9858049914345,4.939977117660676,5.0872665856311095,4.967177185582303,5.098579985143601,96.36223099546625,Si,111,10
508.84363419893356,5.0638452338731295,4.992350556072261,4.951001468208387,4.930323641120014,5.00665551905108,4.983777249832592,102.09887246942891,Si,111,10
509.7916715416605,4.900197423351744,4.985711461994188,4.939283185952275,4.9982446355650865,4.910534412349577,5.030045161248172,134.2509006469645,Si,90,50
493.79546521159426,4.954848326159493,5.0865425641136435,5.0584952567208745,4.93321237711749,4.988543188362681,4.959232698228037,141.83506337993052,Si,90,10
492.652512423395,4.919921586435862,4.976834118946251,5.099889269268716,4.998535777773853,5.066759045336591,4.95629384941826,140.05133069982855,Si,137.5,30
505.1252485846566,5.059721338324682,5.050410241077882,5.068986123940963,4.921307488914457,4.937710208075411,4.956410688219115,147.67605440519844,No,Ninguna,0
492.2570036541384,4.916023102046905,4.943067601478887,4.948774965142884,5.0775978160736415,5.0435624048628,4.970595614956839,108.04003089209128,Si,30,10
493.48751723299,4.967360901213847,4.9183622008050065,5.046815340603561,5.038463596089317,5.060166400737206,4.9232411241355365,105.09608330406047,No,Ninguna,0
505.3933205225562,4.998234535283643,4.906532885685282,5.05498401276448,4.996976278150116,4.974495336801787,4.9920076656153745,147.53201072613456,No,Ninguna,0
499.8506949752053,5.027576803702458,5.08099609217743,5.073670824008241,4.925860870418379,5.00262737411927,5.03720342477229,148.52911185193528,Si,30,30
504.0303431415748,5.071147240277616,5.022179947007899,5.018440573951682,5.033907242694113,5.040115342668621,5.0809768420111245,105.9176793926168,Si,30,70
505.7209787065202,4.923493369109024,4.947368494939779,4.997637033335298,4.965100679670044,4.944695201129274,5.017225965826169,133.7141843918292,Si,143,30
496.54303761972875,5.014577397952874,4.992443995674027,5.088880329393506,4.923785838763719,5.021105407486849,5.099333826208241,98.79345196252059,Si,92.5,50
494.4555694149824,5.073707699422436,5.038823583400319,5.097452091873953,5.017194347785917,5.036934830685279,4.967347308781909,136.20215852002673,No,Ninguna,0
495.2330766776754,4.98715576956512,4.960975372878199,4.928184989314979,4.912930026765689,4.913748179246707,4.940650303265681,118.24445912819345,No,Ninguna,0
500.2976681428875,4.9147751474635095,5.051244700267205,5.000012455585505,4.943842440215534,4.924868493703461,4.939523296935956,138.02374166012234,No,Ninguna,0
504.3310440413534,4.960898660368891,5.031214605763564,4.982134884936934,5.065603037143796,5.0543599693492185,5.078793649466526,122.19776412788794,Si,30,50
507.32461102403545,4.909651198631626,5.056243141798285,5.028868707055231,4.942469023812692,4.927890310377856,5.076709430454314,109.2087959944786,Si,30,30
497.63898060466266,5.088436011387522,5.048511630847755,5.080823399269216,4.937428459414113,5.061254359852201,5.047399661586233,97.8445229927921,No,Ninguna,0
508.6744332115052,5.04880916689155,5.090553922248542,4.917526228318729,4.930891432044339,4.982554458081796,5.001365013818126,103.70196269873603,Si,92.5,10
497.8504085183244,5.06804025106027,5.053218674514219,4.973886596840826,4.959064103337638,4.950075457982538,4.932021639186313,89.02927167997288,Si,143,50
496.7315857711127,4.96418618239745,4.916839728766237,4.930986981392468,5.089292764448305,4.993121188766019,4.958881560222162,142.47311337403605,No,Ninguna,0
497.247925242879,4.956297681089704,5.033826484091198,5.07255695228387,4.988739549590881,5.043847015354378,5.019298989010537,111.5006470227665,No,Ninguna,0
499.28495546067563,5.037160404436533,4.912680463613278,5.084504030661017,5.041897719735432,4.994131150056577,4.986779312944832,115.49476211707776,No,Ninguna,0
505.0751805686709,5.001785413707192,5.017729028815017,4.937802047242542,5.034895007743643,4.905564656436112,5.061713373684772,80.43879553999629,Si,143,70
506.66136103493744,5.022901396048306,5.005771034626812,5.013820668339014,4.979965445275427,5.009064160810544,4.975191207752913,106.54921724253627,Si,92.5,50
498.27389670026184,4.982316326522962,5.071771656132982,4.999693420847345,4.982181713855738,5.029322318281494,4.993484200299872,110.16613835475914,Si,30,10
499.36180380539395,5.099887594974827,4.989575385261404,4.994662443693267,4.900211447505578,5.089890546059968,4.9278298095489665,88.52687228852868,No,Ninguna,0
491.79965757917535,4.904205961995967,5.040032710250461,4.982809730077047,4.939877354870726,5.048247692294302,4.977428369034213,118.49694520686393,No,Ninguna,0
491.66017281927105,4.996136800038226,5.077651958477506,4.965296565163213,5.007740076967414,5.015035965208395,4.932140889131518,89.8122381300364,Si,137.5,10
508.0041527927256,4.963486281082396,5.007725771353167,5.082053624074643,5.013586006589235,4.9878532743640775,4.959638356525565,83.64535802702991,Si,111,70
503.9933029960825,4.951292375546099,5.014737712948579,5.058062832689595,4.928208142322068,4.9999494136761164,5.057861636640963,88.88530314697579,Si,30,30
500.9082361130755,4.970142386193674,4.9693162447925046,5.082214452608294,5.0081217435064005,5.041587951817265,4.983902354789367,129.03469516227807,No,Ninguna,0
507.0375023571461,4.9641609089701015,4.910026598790975,4.978412989281008,5.028918909251822,4.906318273819316,5.068354827579064,135.0819807746321,No,Ninguna,0
509.61079107100403,5.057487750845048,4.932963262247683,5.093573492745673,4.950978709363253,5.033015454271988,5.0867653812187505,115.41142987917948,No,Ninguna,0
497.4973135528522,5.022451697995024,4.985312102487011,4.912805533319066,4.9931918382879825,5.060033926455152,4.948896218287033,132.55850135868633,No,Ninguna,0
509.503800024521,5.00059321808833,4.917007613602004,4.90025618866041,5.039185405063276,5.008884304756725,5.033526651709298,106.4710457386435,No,Ninguna,0
509.9000175371716,4.904360352979301,5.0365820559101735,4.940043343736024,5.082777994000159,4.956179220537694,5.078339796387638,91.86468958433395,Si,90,50
495.4835878053161,5.058549394246861,5.0673683865535635,5.030904278494235,4.901255074555088,4.967512807491619,5.025233016073436,90.2967744668919,Si,30,30
500.4125544676816,5.032285806071747,4.959718102275335,5.04722085459258,5.053795694341434,4.9855410485531575,5.044613935506723,115.66019492727912,No,Ninguna,0
492.89860710703806,5.050297703159274,5.030736959566255,5.053110699656483,5.094644534411019,5.0749138571287045,5.021661687511717,91.30782948060354,No,Ninguna,0
493.70384950799837,5.0955469751459725,5.097406927100658,5.013834739967711,5.097894464778377,5.091449555763022,4.943042596370095,103.77843440969606,No,Ninguna,0
503.658303871577,5.0531145341172445,4.947915102292139,5.030149864108191,5.015312624060654,4.974834293121481,5.0691379239275225,97.80336201093509,Si,111,70
503.1935832076717,5.007515109268314,4.986254840731304,4.967095593542107,4.9713241239647346,5.084943133906095,4.979874313440458,106.74084654140063,Si,137.5,70
506.41127755008966,4.910665663183083,4.9233250767543275,4.991226320093809,4.997293039833495,4.9493472393237825,5.031069114471696,88.45749883628531,Si,30,10
505.0909088016093,5.0112453876619165,4.915595963233166,4.9640341065578655,4.982332293336626,5.0723733190635905,5.063211564302376,142.60086086048844,Si,92.5,30
504.04825557141874,5.04386144517621,4.957155702604598,5.014411102840217,4.992253721518854,4.963049456750868,4.923941685570657,114.43334538367753,Si,137.5,50
504.0087869371242,4.989545080950706,4.9979826535474405,5.080664184951118,4.997251420610287,5.032867161202343,4.943778955246213,132.78428147144479,No,Ninguna,0
492.6488974285384,5.07481888141676,4.928454649119919,5.025192694353508,4.901758862091071,5.068388339070701,5.0650981030503806,130.392421313202,Si,135,30
503.8398228870161,4.932224043436767,4.956251817244287,5.06690556832363,5.077758765572485,5.048765091062944,4.937278545751061,81.16140669858677,Si,137.5,50
496.513838826377,4.973759745648986,4.94905926326448,4.915369873624296,4.948768581942986,5.0354252183285775,5.073759825720879,140.09734843457764,No,Ninguna,0
498.11106537851117,7.9951555867970665,5.062905385331484,5.005230252659522,4.959518429276946,5.055132723128039,4.984460755362774,82.121994719318,No,Ninguna,0
503.2586228041874,4.942907385830771,4.9851813634732975,4.950163979548391,4.981370563624148,5.008410172416501,4.956493506714002,133.87355970489187,Si,90,70
508.4863008794886,5.043097066627208,4.922514337982995,4.935901734154412,5.077713048195641,4.994290560942318,4.938737536157931,130.8832671400625,Si,111,50
497.59247705429567,4.989232214797616,5.098085262116534,4.936139240528587,5.067140032829497,4.920972535354738,4.980919319459121,103.16375516836146,Si,111,70
507.7694683049389,4.970367736625127,4.949008609385411,5.063190662087826,4.907906790742512,4.901869121063728,5.039904227058304,87.52178689100833,Si,92.5,70
507.5414809979091,4.975124823277873,5.044954940354631,5.052396347084254,5.079695148602343,5.022181542627871,4.9151387433132605,107.16088149597667,Si,92.5,50
490.39058583986736,5.0888229479422105,4.927156862559584,4.923587162018932,5.000923770564859,5.088029924733336,5.0687514482364575,117.88772269159429,No,Ninguna,0
509.65024416060965,4.9624448155587615,5.06489066165331,4.992193120421426,5.084641830571763,5.067529596276875,4.983789158434935,143.2874218656924,Si,143,70
509.79677140083584,5.00417727456222,5.09631053378241,5.009433330654249,5.0320986043640845,4.975302909513261,5.02251253564734,81.11459783488225,Si,90,70
498.74903505092465,8.580479455665353,4.939649810983671,4.900242039436852,4.968873286221489,5.064280311731151,5.089902722928367,82.08598021069163,No,Ninguna,0
492.388878215757,4.992015865768096,5.050538516538171,5.005229017088767,4.921755166704963,5.050597893651699,4.988518221956145,145.98071609099946,No,Ninguna,0
505.59712890606903,5.085352865175146,4.974610788778571,5.05355883015821,4.985450836663649,5.054351323117966,5.089499176871397,129.82540522679128,Si,135,30
504.7745903702887,4.901694809137836,5.076404067166511,5.010898344087555,5.062093398496001,4.925371276913442,4.978413297175581,101.98637646471602,Si,135,70
501.53283652653874,4.952783631608594,5.0301770065589935,5.062690112494792,4.939302246531112,5.099071677508908,5.042109849743895,83.63233763658495,Si,135,30
496.22425735212505,5.0149044739781425,4.992236515192094,4.9021235474319935,5.080363507814029,4.977078106198686,4.953623717930427,83.39534709920791,No,Ninguna,0
491.16214545753667,5.018244603574838,5.015573445476511,5.0068754533114905,4.984176558096295,4.940604966932033,5.013654315460239,121.98678494150548,No,Ninguna,0
504.0007230908824,5.061973595445011,4.949726489135297,5.040814487804795,5.082731392940383,5.043213229372227,5.021480966276813,122.4118338220593,No,Ninguna,0
508.62361308583695,5.086969968783908,5.023989386819931,4.996019277168255,5.028841448111184,5.074064175600824,4.9218972517919255,130.2598084965659,Si,143,30
504.76463254824324,4.916065994616081,5.085184069354663,4.985023160726576,4.939653816884881,5.007169668635595,5.01455469143087,113.64821360476196,No,Ninguna,0
490.6046922357366,4.999504722942328,4.930263885315237,4.983284309658374,5.066854857293272,4.96066346853212,4.909730573103737,92.0529770199895,Si,135,50
509.559611078896,5.040108082656801,4.922519348200353,4.997523471625922,5.057577362056266,4.900075079270894,5.055493535576045,147.43217164152352,Si,92.5,30
501.0287843373332,4.924582402615893,4.944514344712806,5.019897714631739,4.927257268221861,5.0936023911584725,5.017636584414129,107.14114908458095,No,Ninguna,0
490.51998776827037,5.099495391869852,5.0550518980312775,5.0815798318600045,4.9845337975804425,4.9442505965986605,5.0203006722502455,133.2759466073032,Si,137.5,70
495.6781679632556,5.059469683185065,4.965430574048082,4.968864456754695,5.0112143755908996,4.91486340306116,4.953092876142525,136.63102754957748,Si,92.5,50
504.62855685252094,5.020501722212365,4.957060232403184,5.002813860324507,4.935283483968967,4.971532296241864,4.940981723637449,89.95364775064277,Si,143,30
495.07568168824906,4.991509528208764,4.9408991355514695,5.018434610393111,4.9383104162570195,4.941512605073774,5.086373128042179,144.81790851771188,Si,92.5,30
509.818257421821,4.947460033460923,5.0056694975273,4.923309666984708,5.091070538749786,5.011148360640966,5.091014373247827,82.58280779191398,Si,137.5,10
491.01626485590816,5.083558915448515,5.072919139067434,5.045310278329762,5.0018168300064465,5.081632032376115,4.912609177314203,134.3683252290321,No,Ninguna,0
492.26541086735807,5.061318265119673,4.9272548167574515,4.997210427879674,4.923824550273387,5.085967019190286,5.081385859151868,83.67017859015307,No,Ninguna,0
506.901906985675,4.944279492692247,4.920760188917814,5.015804257145013,4.9978170258331,5.0507896550414015,4.90297452900097,99.7755589060555,Si,90,50
504.57845313589615,5.003620273827264,4.9146087113423205,4.914608014207547,4.928081669073293,5.083142592791134,4.945067759353192,138.2018685451644,No,Ninguna,0
492.3843124397811,4.9539207916130845,5.055517938157959,4.931247524093759,4.91245441075325,5.090388287350697,4.95110423341691,124.78153464610898,Si,90,10
506.37402175240885,5.004605912749048,5.004557073958507,4.989677408425325,4.996789414053597,5.006154129690291,4.923089772657364,149.61090231839512,Si,30,50
495.3525216590793,4.983314584221196,5.054344746528653,4.9416375224341245,4.922660687787083,5.034873256629354,5.09221228147068,101.60131564052075,No,Ninguna,0
492.6599941460756,4.978032974248115,5.050714965946247,5.043385831023873,5.044348926518423,5.063257832711976,4.950639755390906,115.18139478196429,Si,111,50
499.9946090597172,5.033367739207142,4.997401250391152,5.094889344300828,5.06371976707955,4.932143207461167,5.096748360311093,98.48219321814256,Si,135,70
494.17480872702976,4.991932190825949,5.017004859638825,5.077879284329759,5.096646920988224,5.089526706054537,5.033905255609502,140.02691323838803,Si,111,50
502.632250012427,5.001687480478461,5.092793350191181,5.018121921648023,4.966913555824792,4.912893548659863,5.0459997753829535,134.66597091562278,Si,143,30
493.30610365269774,4.929102528724347,4.915168541900649,4.91906598249886,4.918648219592821,5.041267527481726,5.040882912481663,138.07148776978903,Si,30,10
497.85986991671376,5.006192990083228,5.072875179261574,5.06915340525879,4.967319637614593,5.005643568323435,5.046801551799147,118.37199585166715,No,Ninguna,0
499.17105174504997,5.063771252031892,4.921199313924371,4.927762547159664,4.968083678236699,5.001720653595705,4.990167169543538,92.23554969217864,No,Ninguna,0
501.7902317115527,4.980895302333708,5.021457650065982,4.983645237978144,5.092323502689821,4.969119377731595,5.089054360144655,81.76866257601611,Si,111,50
500.30424940522073,4.942177173155539,4.992384065790401,4.962135926720841,5.004436778907817,5.0164644618136744,5.084312994772706,145.66507969773545,Si,90,50
497.9608469204858,4.985088342821949,4.933547942361591,4.945923570273059,4.909345845163305,5.078016619172567,5.00563292513491,91.27315254652744,Si,143,10
496.12113951960424,5.03621659942601,5.009628152323409,4.998655232406301,4.916806120027001,4.923857052915806,4.94503045199639,81.65308259164135,Si,111,30
504.66166731959595,4.973640468430744,4.905865817875628,4.929250134071634,4.972834017999694,4.974200635015726,4.969972214935067,125.26415082708651,No,Ninguna,0
503.6575857763238,4.936927403863011,4.9801970036986685,5.0744655844786015,5.097467313499466,4.9028808871065985,5.044446106342832,136.01730844490064,Si,135,10
504.3867198065798,5.0094792126808345,4.947612157957941,4.908549047857218,4.911102339705778,5.020020705320204,4.965907432589661,104.57295809405029,Si,30,10
509.9423243649994,5.011910690143534,4.97246096165961,5.032835219082339,4.985556286613565,4.990053356199257,5.020540112693949,87.39216143341625,Si,135,10
500.09827139815786,4.912989026089639,4.93514696633052,5.033410365915742,4.97603952610031,5.044708818039398,4.927159839637739,98.21745390504947,No,Ninguna,0
503.9907701537981,4.938735551655023,4.94760743182154,4.9102146556735935,5.017743695082417,4.921683354450196,5.07289487630451,117.7597566016394,Si,30,70
509.22982080309924,5.075902914374889,4.992686954344513,4.944373631657546,5.071473999571857,5.019776219862851,4.941570082969939,124.75132458887208,Si,143,10
504.3485844904113,4.9073160326954035,4.987428560428018,5.044689673981868,5.035011277213467,5.088701243623661,4.9039774296233585,111.13462708238383,Si,111,70
497.0683056153479,5.087361041297975,4.999044404905358,4.907907779990574,4.984463306746421,4.905011286149584,4.907400749210921,120.47944855775003,Si,143,70
499.3763682737442,4.9337369486497655,5.0342623464244065,5.089526968850097,5.080173182367815,5.034949768868181,5.030427954299133,96.01616774962939,Si,90,50
495.50849214467326,4.903989841730363,4.9170235388272925,4.96264422862411,5.035285373940751,5.012520034046899,5.094338450145268,83.62201858422165,Si,92.5,70
499.9213046682373,4.943798021296953,5.069436740379988,4.914101294222354,5.06709160889161,5.067179310616264,4.938474967169965,116.36158621365708,Si,90,30
490.75549464261525,4.987030577381185,4.955930786802491,5.046639140646738,5.074371442749181,4.979167645798396,5.04669133237935,104.50789692794399,Si,92.5,10
501.15267702842436,5.0833877814591775,5.05789440290151,4.905320937856661,5.046750811947996,5.026423572945427,4.904500120703224,89.63933147686036,No,Ninguna,0
495.57889729282505,4.992881657898109,4.993872119410915,5.017985426131236,5.004563197379473,5.0922135437363005,5.015701102055827,99.12744995600265,No,Ninguna,0
505.88393484199815,5.043465447392667,5.034705158992914,5.009507932154831,4.930711331028085,4.932939016191328,4.931051871755355,121.53747647389076,No,Ninguna,0
502.2443752326885,4.93441056574954,5.032002230176987,4.9171935481679405,5.098234268606306,4.908918244515858,4.998499434198762,93.35774861715952,No,Ninguna,0
493.2435817485446,4.978662110572357,4.9239331281832825,5.011114693333489,5.087366900158028,4.90655097359597,4.94180741944817,114.59026177265955,Si,135,50
503.83685061767255,5.012333787119061,5.017263452858875,5.008268462508782,4.985897795522336,5.077263077913104,4.998342613348924,88.6632129468089,Si,90,50
497.7767019740159,4.943641735475295,5.008614794732337,4.906176649924284,4.963726938447726,4.919059574289384,5.01287457201719,118.30960129046973,No,Ninguna,0
495.2909424553261,4.9052932802985,4.923984858084043,5.054112095097926,5.020047849410181,5.0289655962164295,5.03050660193729,130.56559031720963,Si,30,30
500.5547047635064,5.031064056447457,5.010933061702795,4.987299929496906,4.950194808608055,5.077382056327396,5.055556670381229,142.87862410136518,Si,135,10
506.27014506098914,5.091776301664636,5.015658743618565,4.944053895766774,4.926746956020977,5.076723353492758,5.09309059132072,122.54164667801692,Si,30,10
506.64493529927546,4.911821498614585,5.046954392092677,4.924884572591567,5.045091245893601,5.001996231701783,5.0251525127787176,90.4560692309155,Si,90,10
495.60990058267754,5.000762684930038,5.0850004754979565,5.086813978950091,5.068226871582573,4.955088440122287,4.918150777093382,128.1171984488803,Si,92.5,10
503.143783608733,5.035073563235944,5.0305982376800165,5.059182662627114,4.957396490214224,4.978505919185814,5.086674631102495,111.24904446944484,No,Ninguna,0
506.5019448505213,4.978594181153668,4.973312390674462,4.99691306492027,4.937534615697103,5.053952458686208,4.982490301500094,104.47723920587688,Si,92.5,10
494.8042769422282,5.058871502098847,5.092618654091992,5.0928669809790055,5.004738524693586,4.922748554522495,4.977394548020333,119.91823187080443,Si,90,70
491.7744182277891,5.0231728573068795,5.004562825026444,4.998207016553682,5.000978655808203,4.901494139540463,4.939531464281285,96.94766919219296,Si,111,30
497.0492245186492,5.034394272555678,4.935147402507212,4.985961880660195,5.037834612392619,4.918264600994065,5.003607900673648,88.90980734240462,Si,137.5,30
504.61187568012656,4.990372920683838,5.050773235929465,5.061843084479214,4.932328978935806,4.972903105867674,5.073834538635543,103.14846798919012,No,Ninguna,0
495.4520214240033,4.971615887076186,4.998324177965852,4.916151856055948,5.006157561617908,4.990612853348632,4.941305182889743,121.97386927923533,No,Ninguna,0
494.98858330428095,8.280279313658317,4.911755054203979,4.981666585772354,4.995448456832611,4.9647846941289675,4.905690491064675,82.10697337853648,No,Ninguna,0
500.8774875131212,5.020940230768794,4.995041971651195,5.040568050552695,5.098947988607063,5.042546642814803,4.905485664193102,117.7303860176826,No,Ninguna,0
506.8135757633281,4.952724620746941,4.933172917008824,5.077941248805087,4.9223199951124625,4.9121693639073785,4.902268376655731,115.72464607805934,Si,135,70
504.65702828414237,5.028488935185075,5.003890001463602,4.914311564405269,4.994519194240823,4.932723534571089,5.099907503289362,108.64397824434917,Si,135,50
493.77843572556145,4.934472699829288,4.974357419767823,4.9362721371359735,4.91618931254979,5.00012585485497,5.0174358567548305,120.32276229005961,No,Ninguna,0
498.75304011726746,4.966613141400111,4.936837074299787,5.096130862883184,4.910966167420169,4.944112964246893,4.974287539304855,140.3753938922504,Si,30,30
490.7693756410207,4.933118888473713,4.937165341866008,4.909843561685095,4.957954465790021,5.051174898945816,4.9789920911825,90.69126485104464,Si,30,70
500.14913933560376,4.945047479953451,5.019003638109878,5.0278928711926785,4.984551727540425,4.913628718579318,5.044947350953652,98.71770215901394,Si,135,50
499.8581602944785,5.007051006893526,4.987790618834235,4.961986413313201,5.0461773431477,4.9026062347500385,4.935882702494279,123.47866409430489,No,Ninguna,0
500.1492796649875,5.055657861384917,5.053692016992312,4.958831796415954,5.021912645269001,4.9152361889231075,4.915701541374675,94.208166717851,Si,111,30
492.0545402370349,4.911758318734561,5.047962365281881,5.050388746716109,4.935382361029633,5.095592027478692,4.9310158656947864,139.82280079712717,Si,111,50
508.19111896113935,5.092702466673632,4.932243545930709,4.994603882498305,4.976904668189033,5.0569472874479535,4.998452644326731,116.82989808407363,Si,30,70
495.37698259783144,5.006793485454772,5.0134927142939,5.0348459251832764,5.0925277222877865,5.003931157502252,5.094282792361537,147.43250927613053,Si,30,30
497.73150064652697,4.927989361532237,4.9045946718457625,5.017971692680771,4.965645148323207,5.002245237577961,4.956895896107797,132.85022653279458,Si,92.5,70
508.72279198018566,5.025034475421627,4.95554022977991,4.913178625158539,4.990966501461631,4.985521711305065,4.934247627284113,90.66655649806094,Si,30,10
502.4980725579515,4.996420783992984,5.001556031043665,5.0047238471636595,4.960963341316671,5.0452525051085235,4.955334283776674,99.41895757200871,Si,92.5,10
500.54071078868407,4.93961689383085,5.0650866018743885,4.970772839127701,4.993657984688619,4.938188443660654,5.095241628802901,83.00154420608973,Si,137.5,10
497.2225686920626,5.0494150986253485,5.022673737296104,5.076365744063264,4.977919513904294,5.082554525519516,5.094901109530783,120.31928564129296,Si,92.5,70
504.7164246979329,5.018188414463336,4.941550623056725,4.920377153243883,5.003540980564247,4.937703631071903,5.01149115832806,89.00920223918627,Si,30,10
506.75817564588215,5.0816890030117765,4.953464383050797,4.996541984926275,4.984096708688832,4.940140325833156,5.014556433255755,84.7785108513488,Si,111,30
492.0903500682824,5.01349502493164,5.0301155940560704,4.989623235897882,5.009524739293284,4.917743692471003,5.069552144492891,119.30584609606979,Si,135,50
506.08837866603096,5.047476154073702,5.03259073797184,4.915159740618365,4.977839882400096,4.950570893584627,4.918443219696789,83.68463495656597,No,Ninguna,0
500.3207514316825,4.928585779574409,5.041022407959873,5.052054409302507,4.941811121637982,4.990884015607164,4.905428026942601,145.07614850421015,Si,90,10
493.64716285456916,4.955787783046552,5.059499726886864,4.9980891124663405,4.912008972740525,5.011372734180155,4.943906586294738,132.96000162986056,No,Ninguna,0
506.0376009660034,5.063191380044896,5.050846548342013,5.0572886283826035,5.031985132653293,4.935676887528286,4.9224639666773715,113.65749998241051,Si,111,10
502.7446430271742,5.027521224068288,5.005201390475019,4.947693387354114,4.929795937033118,5.08651524339321,4.955898696179268,107.92169748655762,No,Ninguna,0
491.18719720475764,5.005400463498001,4.960026994482343,5.034989060271119,5.098108906436493,5.026184967834395,4.969106573517571,136.1064125808303,No,Ninguna,0
500.9789399042881,4.927990042461408,5.060585016123311,5.069466293236248,4.993730123169932,5.084167300619246,5.016853515787752,91.22589806221474,Si,135,70
500.73743225936875,4.968864355465523,5.016891628476503,5.044432110765,5.083289839282935,5.031544396787429,4.99638033859667,87.86453726115334,Si,137.5,50
503.76317253681833,4.93325064666142,4.916264592299097,4.950319457981568,5.032243904359374,5.008571150245905,4.987955675949266,128.62323168918857,Si,143,30
508.5230254039571,5.036295861109854,4.9762042638505575,4.9922648981396875,5.057718437583173,4.997929632821021,4.9744164546548895,82.13926185123097,Si,111,70
501.41194906835716,5.087872958656732,5.0793902392319845,4.992686241544181,4.987896608564234,4.941407309504454,4.975520286633007,106.04363701804931,Si,135,70
507.10501068958473,4.974534968412148,5.049950619737228,5.052147864880008,4.9164699906153695,4.916017495037548,5.009209007488485,144.62346322623154,Si,111,30
496.20094818653854,5.017052163967373,4.992431662857755,5.082787573751511,4.928634842938789,5.04889358788097,4.949413131163878,122.55953158822314,No,Ninguna,0
495.5718513647735,21.89220320753338,5.058735561472407,5.071130282292181,5.096689751132963,5.0906698904432925,4.963428886276813,80.8651403195861,No,Ninguna,0
495.40228226351036,4.965170923620882,5.044600543744123,4.917936467707157,4.961326098351975,5.022811372527183,4.9055390266553,133.68868483780716,Si,137.5,10
498.3171655829345,4.995973078220925,4.971523499851469,5.004288937816406,4.9998982643909065,5.080594179621794,4.9606245956781665,102.97274226269009,Si,92.5,50
492.68362867155287,5.0993453615626745,4.948081396137901,4.9107952601764575,5.072577417351028,5.063779992332807,5.003908334927977,85.3962482570921,No,Ninguna,0
490.0790383607941,5.024598417215194,5.047404175055678,5.079818075166142,5.029184829769626,5.077044105323822,5.004595347660919,125.40514609048597,No,Ninguna,0
509.0978757187593,5.047936012908209,4.922384062352948,4.992169362832916,4.947016107568792,5.031322973306377,5.092736392670403,131.5376686591357,No,Ninguna,0
493.60464808432187,5.074486069970959,5.0542173456201684,5.095574673409726,4.95310761731323,5.069284608809059,5.043212970962763,118.05808945891755,Si,90,70
501.39879521633264,5.080757494082587,4.921609687652025,5.068987312842861,4.982135729712875,5.0508632131142726,4.973250778499227,124.9060702456109,Si,90,30
501.9500303416586,4.9973826678172815,4.9241809926643105,5.048093134281453,4.998867214702818,4.965283201311564,5.050677001709808,142.1888509719032,Si,90,70
509.3507870078317,4.920847760755564,4.931523170622765,5.058168151086567,5.037037881489309,4.932936531373894,5.098185429134283,148.52766103951325,No,Ninguna,0
499.52242212814815,5.0082795689824335,4.923715140106266,5.0146899470461195,5.02908614695906,5.005027493700072,4.987016537045746,116.34961499768289,Si,137.5,30
505.6977514294508,5.025452439978286,5.0296437253665625,5.04367497201975,5.022925136574096,5.098075465260901,5.059505496151469,129.2072197545883,Si,92.5,10
502.95316487672903,4.9638150683239575,4.933947270451704,4.935071762469372,4.996678363477982,5.027951001314216,4.951383768044753,129.45823592916597,Si,137.5,70
495.97770782528175,5.015117757496527,4.969374076003276,5.023893607299932,5.0270007068157865,4.941725362739074,5.094396614494398,96.59268928308825,Si,111,70
490.3823564089187,4.9359500034361,5.078826534369776,4.917641821752084,5.026648646664762,5.03560334504987,5.0158203935311825,83.83121040339051,Si,92.5,50
502.0871703917383,4.903922606770017,4.926675885798025,4.934100747337204,4.998305794710661,5.0840933903095635,5.0064572955243785,116.89450544165695,Si,111,30
498.77378372412574,5.095875751504876,5.071923285364541,5.007144791996344,5.075796846370557,5.095776549708286,4.95473779071696,90.4949876635515,No,Ninguna,0
504.20172236571744,4.97044192986927,5.0323172126904705,5.040141607809731,5.0844857735994555,4.904634221370129,4.963894829220461,102.65992573349415,Si,111,50
493.65946593820007,5.02646541606971,4.944354877924588,5.062429532397182,5.088297709760828,4.975141129472493,4.967922734181812,139.96102964598242,No,Ninguna,0
493.00551502039974,4.940127256849234,5.015145821678878,5.051888745243164,4.923227773982174,5.083694654943825,5.022782209163105,111.80019435355103,No,Ninguna,0
495.4677686470535,5.011255695522051,5.052853282997289,4.958200902468052,4.926063622326,4.912428596131988,5.075593994680489,131.2858724490227,Si,30,50
502.6648185807649,4.95288589139586,4.93683318077822,5.017780073761133,5.068995630832674,5.086484628736074,5.024919247833665,123.21628587987155,Si,135,70
493.1374918145603,4.958527172300319,4.9025290520721025,5.05241281804862,4.995579185228381,5.06323542787962,4.954333378619457,106.82900108700946,Si,90,50
498.3446533980916,4.924833676892342,4.9724169380274565,4.906408253760268,4.94215380656777,4.990792192085334,4.9778772729736005,117.87837372180036,No,Ninguna,0
504.2481541893321,5.0261616599705095,5.0411893453186,4.902630511003258,5.049197635322137,5.0131465287402595,4.944961366269765,137.58654295572003,No,Ninguna,0
499.1496701953054,4.935600738423991,5.053257400140956,5.051295851428144,4.999407073409555,5.008516292293319,4.947170931714792,114.3115016131545,No,Ninguna,0
500.8927822770927,5.058192167696732,4.918682594635739,5.067000289407157,5.0201940140455585,4.985172308236644,4.931209415378572,108.86167559093211,No,Ninguna,0
494.77265137592286,5.014497933102345,5.055795104878085,4.925882891364996,5.029974146323955,5.040240885907122,4.956090165169467,130.5391058140518,Si,111,30
490.4650898233313,4.9780649890044755,4.957142231826406,5.015843474074806,5.051982625825147,5.015125989155035,5.050942150509758,102.48450185689033,Si,90,10
501.509723321171,19.996183277120544,4.966397506404033,5.063787679075235,5.018448461928616,5.057642769889184,5.022239172434759,81.00640844337417,No,Ninguna,0
497.4408172724477,4.9808923388221915,4.926451591744986,5.06395977142787,5.062845267497961,4.930845531409529,4.969225280229792,110.03167291407043,Si,143,10
497.8259642307895,4.912298176110682,4.945266542984051,4.994449958902589,4.905081882793127,5.0499527890592235,4.975095677890206,137.6498107802349,Si,90,70
491.8941643624262,4.97672573684844,4.944430845543698,4.907505221895442,5.056632069447318,5.030780252198456,4.99714997368948,101.39156191611475,Si,30,50
491.4272934371122,5.041586009594752,5.05025806093209,4.913731798139783,5.005281900857295,5.081195492746481,5.088823651928293,107.760878553781,Si,137.5,70
504.19096949152566,4.979762182888381,5.053073738046027,5.093867811839456,4.92900681535995,4.992755971153518,4.9515279439830735,87.92497085705082,Si,143,70
500.4808781773488,4.94496716564361,5.033564817566841,4.919274652603302,5.045892466094555,5.0561283552012855,4.989350696108844,117.0189020596942,Si,143,30
502.48938131751595,4.916733413183446,5.094022268462237,5.097030377836783,4.915461846377146,5.098526261965152,4.925069951153158,132.67100518493268,Si,143,10
508.96582029890516,5.011563479468238,4.912703426175547,4.9809712623674525,5.072277980017846,4.984487662580871,4.96563450924168,98.47956260194519,Si,90,10
498.81934965184325,4.95006911630365,4.9261046866402385,4.917799002488132,4.975014952827083,4.989318841850569,5.051580593010816,134.96742526613727,Si,143,10
491.31909192500876,4.93947433683589,4.924168830050314,4.994823469110234,4.9417909239892515,4.955264621483882,4.9447091164691175,112.17267683072347,No,Ninguna,0
503.1105814938636,5.043372542027749,4.969662148413702,5.027050087529631,4.971340350228987,5.068437895414765,5.073887471364061,115.93461590907734,Si,111,30
506.5766025928042,4.9383041032721575,4.996962757575503,5.034453584719832,4.916327712429607,4.976157629873902,4.962825319954157,143.09534591065542,Si,92.5,10
500.3784048743295,5.001561065132466,5.018361450922707,5.055909767949426,4.992597495207102,5.087189240619311,5.071796856035864,138.1131107115032,No,Ninguna,0
502.0358272884254,4.92452014057865,5.071836041383828,4.968857512001262,4.901003936173172,5.031984734524604,4.963081466433654,91.1839709305189,Si,143,10
503.1777532124908,4.969082847400063,4.908297892956356,5.05861413047341,4.991800473331965,4.991298539173962,4.982738064664164,141.77978829601867,Si,90,30
502.2470040879257,4.921100402778632,4.940997994898206,5.08736958406053,4.98739415368767,5.073674509228721,5.047284648641332,110.09225014271536,No,Ninguna,0
497.811627075266,5.005259144075963,4.95276526220512,5.063778579250926,4.937235747913645,5.093862817876199,5.04129586410993,99.01965160986927,No,Ninguna,0
499.40050799251077,4.96670467684245,4.974707417211757,4.980357593554926,4.927170177891421,4.969528090655914,5.021648996928222,99.16640098272323,Si,137.5,70
495.6825082261614,4.93980250976273,4.989885915524795,4.926631545177984,5.014478599050163,4.944715844556712,5.094584716625927,137.36624703409643,Si,30,70
496.8274431962964,7.60692475682744,5.023724841030072,5.056523015257029,4.922034110621175,4.999401460455061,4.972530066261897,82.17955065338761,No,Ninguna,0
491.24175940158625,5.044803198945661,4.960868968836158,4.971973506286067,4.9680396414188674,5.0459995139192255,4.92569329935648,108.38479816679367,Si,92.5,70
503.2120974587599,4.92469494485869,4.916342469776514,4.949676819144643,5.085856722530895,4.977676581567229,4.959056336620375,135.66126341458988,Si,137.5,30
494.5926922439571,4.909131309619045,5.098517445797675,4.912824463342236,4.9745581173351745,5.006050805131783,5.026683451671978,135.41964353949467,Si,30,30
500.6737800633226,4.956321528576412,5.060295952079824,5.092819925106243,4.902315510482568,4.911609672151706,4.955131201363314,98.20622063536794,Si,30,50
499.21170098873114,5.056393560518341,4.9170762310001495,4.909829659302577,5.078154486411063,5.034608732595652,5.062818420214038,113.46317457747199,No,Ninguna,0
499.70709436215805,4.912776915942182,4.935971702369161,5.062921212864268,4.951078493879092,5.059828357604564,4.983004182230532,130.92258861153687,Si,30,50
504.46462694141604,5.092908338090821,5.0006168268196465,5.07720989214297,5.044863277731616,5.011273574582539,4.938813117970289,145.50582947537185,Si,30,10
509.23351836245564,5.081857603555452,4.940427991898224,5.0882435356908555,5.0196825931064755,4.989378121967348,4.9358920490048455,91.513843260096,Si,111,50
491.4816364523513,5.082676955801864,5.047764092877774,4.983512711663285,5.084701654692168,5.02346737165229,5.095452513449176,93.73544868306502,Si,135,10
490.1433479339295,4.943929136134764,5.007682842957683,5.045150361132624,5.087483593595664,5.091709999172641,4.905449960272709,128.4906628028582,Si,92.5,30
507.80059272651926,5.012639553300548,5.048700041938428,5.041194880210921,5.0121584246043085,5.003936453395062,4.948893729389166,148.15814187392195,Si,90,50
507.62759034024066,5.065075728119145,4.951090245924577,5.021700423635289,5.000141769728295,4.948274380292002,5.074880777068659,136.46525310356242,Si,135,10
496.55274699637175,5.032297589668612,4.9296797616468035,4.986978017660908,4.966410382495073,4.941626051781229,5.0673420258123425,129.88661973684657,Si,111,70
495.5556173712165,5.032868203590746,5.065010084724818,5.029534330390271,4.99546870399378,4.992429301105218,5.00436960732684,143.78283295588488,No,Ninguna,0
494.6234489447775,4.913962442002203,5.08217358630638,4.984828460359985,5.028338747526129,5.01744254387161,5.004925804689713,98.54846008561344,Si,137.5,50
498.8701217276194,4.940785859087711,5.095279376730614,4.950936331943508,4.985748918307283,5.094697828194766,5.010275449306004,107.12785023964587,Si,92.5,50
502.2570958562592,4.969082416831294,5.047784752239634,5.027296826171519,4.984884612695742,4.95896395037922,5.038790130415454,138.52841535113672,Si,135,10
501.05787882164594,5.047120988159814,5.0905425574165974,5.035043158552354,5.0437376742357465,4.977432727737511,5.059929439984221,137.46036974687266,Si,137.5,70
496.0950579121369,4.9035950588377,5.028237835668629,4.957573733543381,4.93079585958804,5.062569352984388,5.042042899048459,141.81108100102017,Si,90,10
500.2396935449728,5.003025416060179,4.903103797512106,4.969376053477548,4.954134628341414,5.073646283405286,5.083909006995861,100.42806612883102,Si,30,70
495.839985498838,5.032405572036869,4.964518482832516,5.072880678903455,4.939334355621003,5.0739565774216615,4.994770445183555,149.25646507211903,No,Ninguna,0
490.17112580001236,4.957171644131219,4.925847153650466,5.060771450124351,5.053039797752348,4.93345490216939,4.904613223746729,129.9345927867161,No,Ninguna,0
502.7283290552621,5.096450719648046,4.946209131923798,4.947233827392209,4.932625493304209,4.926618217193766,5.0317017715563,99.29416010394965,No,Ninguna,0
503.7455932224869,5.009621520291236,4.992507002706479,5.08507968294695,4.908759701126198,4.908092539715596,5.00792826417606,84.7138890384414,No,Ninguna,0
509.6605668930736,5.019867542577034,5.033868931266375,4.969358990657088,5.083294990382087,4.989994512224876,4.993907168751843,138.00243426321242,No,Ninguna,0
503.5635331308413,5.079332037753006,4.939135154339828,5.0837731895327885,5.030119305994825,5.0183730476613615,5.037616570078243,92.6219511774588,No,Ninguna,0
508.29748449481474,5.010736494253711,4.995679051980874,5.01560875856491,4.99820118581613,4.915908876642033,4.951135127234804,127.33078531386863,Si,135,70
491.6252250477314,5.063221192694881,4.97163231845249,5.078548833131839,5.084168188972291,4.921493507220147,5.0376523835860905,112.61635471849019,Si,92.5,70
505.2157699188937,4.983064482501575,5.095387239590345,4.918473724653211,5.062714884932059,4.956853468438573,4.9737808531170105,83.72325275975699,No,Ninguna,0
497.56553255194626,5.0062852770644275,4.998107409583089,5.017339584534683,4.918428081223363,5.070841937488084,5.07708980784672,114.03685665091979,No,Ninguna,0
501.42820421472635,5.013089419699549,5.084742461500085,4.941149253852544,4.985173720641137,4.991645395022704,4.980659507350551,112.81156100466782,Si,137.5,30
503.59318695565014,5.085502187754041,4.949533607554987,5.030438190503277,5.0266098547063836,5.077453573414948,4.986720457817291,80.61049933063644,Si,143,50
502.57912907383724,5.047270240637511,4.996032966837999,5.075827977352103,4.967335506852985,5.097255846108113,5.091859275784366,121.24019681563496,No,Ninguna,0
505.23078706146816,4.942526026806331,4.972724506207728,4.926072718062672,4.939177585612551,4.992871222469226,5.007114769809025,101.6029916265054,Si,90,10
492.1435203832718,4.922295839039584,4.962189969720805,4.93689339864152,4.936589321274845,5.078808481453956,5.064131456360658,113.02241759838353,Si,30,50
492.0536744320032,4.944578455497055,4.998826751318191,4.986279544044194,4.988513038972497,4.929128431200384,4.978268530464283,144.09137326487297,Si,30,70
495.6158115164192,5.0124848368686346,5.00138720091901,4.93875991804365,4.945395205639539,4.992006603388083,4.920512332282477,109.55066454343236,Si,143,70
498.69977638349616,4.9154303373110375,4.990355202671474,4.945676962139025,5.014067591564598,5.049923436497642,5.088565072297321,143.60410826101548,No,Ninguna,0
494.18411566119204,4.999652790879381,4.946001586435556,4.911629464897088,5.074918068344008,5.057323301959238,4.9747047864210066,110.3447180890835,Si,135,70
499.6925178505277,4.959165746377049,4.910993163703633,5.092111861969142,5.084666776011372,5.092742074240482,4.914606805189487,109.16280333405163,Si,137.5,10
495.5833452044595,5.077027877510022,4.928329544692082,4.94005773683067,5.089658454257649,5.002910139116516,4.986105194647254,145.65355142503827,No,Ninguna,0
505.5667423192674,5.034578075131991,4.918213486530359,4.9621948326867,4.933466832991383,5.0377239360833395,4.908708667053163,128.0673251596546,Si,111,70
491.35251837314877,4.940870587657442,5.099467035576798,4.998639878412232,5.047894249607698,5.082908391411003,5.009248404258242,119.139089120421,No,Ninguna,0
496.1450915484688,5.096226074581781,5.094765135019155,5.036816681261908,4.911619173334546,4.922654875871867,4.905271095914793,104.0399433878067,No,Ninguna,0
499.46834435130506,4.936082829138463,4.98942434726131,4.979751041103357,5.059980958418685,5.0925821769060144,5.060679992543365,103.0503769180464,Si,143,10
499.7578659907922,5.005832242881773,5.085824071772263,5.014794208891076,4.919251746051647,4.957291317982699,4.903796923403212,115.46706050903688,Si,92.5,70
508.51491675768943,5.066365883101094,4.9178325551110555,4.994336427869002,4.945445129072418,4.9823229210975315,4.985546291001937,109.48313085318875,Si,90,10
495.87624863389095,4.928378510801296,5.029765576617899,4.973205173861596,5.015140213746714,5.070119774083681,5.097899471257957,109.57461303466062,No,Ninguna,0
503.3065357791196,5.047168361798533,5.086938437447543,5.060835996861704,5.0420073058582,5.0531866552823,4.9430492609501595,149.003129127977,Si,90,10
508.69539821716546,5.007952911520491,4.9971874575239275,4.954685107585562,5.088137710338394,4.904404443880954,4.999463365810748,130.46473335613706,Si,143,50
501.5212834123642,4.951985546801536,5.086375992498226,4.976195651900512,5.050653858016109,4.991421496873955,5.097329553849006,97.54923240132464,No,Ninguna,0
500.04509045355485,4.983534783391938,4.954323424527043,4.960514066865181,5.099896973542171,5.026075520760843,5.080909265073357,146.72642683174655,No,Ninguna,0
498.5218664036431,5.057995385713098,5.044495636673129,4.948324524080802,4.933950696496745,5.076572120056711,4.927358559832211,129.0982564479472,No,Ninguna,0
501.91218169381636,5.0408161104002716,5.055431598440217,4.912309125501139,4.919199456334032,5.0483387843451,5.063767288647511,102.57268321482636,Si,143,30
502.02116032072183,5.0225340700620045,4.965935717300058,5.07629912147151,5.075550605640718,5.06694563138279,5.0724623823273545,146.31892356350005,Si,137.5,70
504.2543468621224,4.909914660217795,5.023930145813483,4.958266300938221,4.901534284074193,4.903173856730272,5.032551746824704,115.73814985332388,No,Ninguna,0
509.06771970243886,5.06901221566293,5.001855521177784,5.028483908547948,4.924047081211549,4.903531272391348,5.027916840087666,88.19170861292761,Si,92.5,70
494.410660813153,5.079663470859662,5.073957674921334,5.076839571287972,5.096120173678653,4.91570147716539,5.008677926458967,138.46233477837725,Si,111,70
494.48464023732066,5.028506566684208,5.0628490577877745,5.028956815547162,4.949911940555251,5.056283191110462,4.916945433103929,102.63980365645043,Si,137.5,70
495.96914627872707,4.960147140052365,4.972711993749196,4.967262118144787,5.055002350921417,5.082845928253359,5.0505466204203495,122.00610923071386,Si,111,10
494.88516223277355,5.018168439436164,5.039871518798361,5.000122510681363,5.044314229544308,5.092658210521011,5.053018069880794,102.1721335431734,Si,135,10
507.3554954065998,5.097236967878639,4.967010246370567,4.948323578498964,4.977587988487102,4.967647913808887,5.070462393956041,147.17581991759192,Si,135,70
505.5474345756966,5.012803190897957,5.0724940352286705,4.936311890508787,4.913700744966252,5.055190830535954,5.011808994338604,104.12442146595365,Si,90,30
496.00644035728544,5.097967311063851,4.981764794418387,5.0965426649712855,5.092282801676148,5.014052105147378,4.956826495785678,106.21568307157563,No,Ninguna,0
490.2177849634866,5.052798927857124,5.092500598695366,5.095720132952889,5.037479532670392,4.952182535793902,5.025090866867743,93.04007637340521,No,Ninguna,0
491.53089367068634,5.073586959256451,5.087546885782719,4.964193949915447,5.000625147748314,4.9975332312067655,4.995209510134034,120.31975042593905,Si,137.5,30
505.799825137843,4.948342471331039,5.007208967041892,5.02970348995485,4.953313004461807,4.940626196146269,5.076831651220628,81.03718574009122,Si,92.5,30
504.14039008503875,4.980037941861076,4.901210722250903,4.95151762310684,5.016909367866191,4.996809714940202,5.035895857696774,100.06636211989462,No,Ninguna,0
500.96801263061747,13.45432722038748,4.938496030395774,4.970306654937124,5.071778872694585,4.978523186545303,5.008543791034471,81.60026362262741,No,Ninguna,0
492.00263088912806,5.051382846855188,4.949296805730043,5.040233207882791,4.906425303412049,4.967134953957871,5.0906856211566165,85.98493485419405,No,Ninguna,0
507.39015243433596,5.039605055592355,5.0053126358544935,5.090192705884575,5.066068030813594,5.0087928277674125,5.093578428888211,112.33488000297433,No,Ninguna,0
497.4726114977235,4.996006890982237,4.957752654800173,5.059909778416036,4.912005682760827,5.003967684064457,4.9954360513646,145.43463524114497,No,Ninguna,0
496.0030434780863,4.902470065083867,5.062294902563273,4.934868015862376,5.06853600975619,4.960199852627721,4.974587302859381,135.4414375960518,Si,143,10
508.1962655796926,4.98322613699149,5.079533145537461,4.93095427709549,4.971398611788776,5.005381837641166,5.020582241262343,115.18955746225132,Si,143,10
505.07822367870074,4.972935525040495,4.988363625835299,4.909105180288047,5.08037235339401,4.919491646066288,5.078219591270509,128.17642640843252,No,Ninguna,0
506.7225707811136,5.098326490934342,4.914375761838331,5.000062254012254,4.999503156988264,4.974125211022349,5.082691513691357,95.80698702511229,Si,111,70
508.26701394043073,4.957408300977761,5.097941738264666,4.9550401287360355,4.957631161001085,4.938746845267929,4.983022869465729,130.72704398180312,No,Ninguna,0
509.9733024067347,4.966946654522237,5.079553195128964,5.066794115315049,4.976697075528418,5.012097133433729,4.962479814043859,143.1871997299698,Si,30,70
491.7735813839909,5.078253651519308,5.007257704583414,4.91674675178848,4.970910102541283,5.071734164915705,4.974830645371353,84.58757565464606,Si,111,10
505.61821221892814,5.054315195498622,4.92361818577076,5.063222334049283,5.021873181684292,5.070541284575631,5.095343369273851,91.89672729891777,Si,137.5,50
495.72005600327304,4.949478041630807,4.934190780953438,4.956620160172862,5.037094442737072,4.947303643630576,4.934392786963814,137.87296485368216,Si,135,70
506.87184539817457,4.918016238508215,4.933286839888284,5.096225316659733,4.903694972913253,5.03415496061998,4.945746452769618,138.2324565355772,No,Ninguna,0
508.4160342203616,5.0293179422688805,5.028514493413443,5.047257274700574,4.922950446760085,4.947730690899957,4.960680140083318,125.80931237843399,Si,111,10
490.0007237294184,4.949188216708635,5.079295080794269,4.9062353166691794,4.941758352790672,5.02211071240413,4.991385560335334,111.56904889885082,Si,30,10
496.690527369636,4.940087872677965,5.058280566318207,4.981340221664291,5.022356905107391,5.0912819716256275,5.029289014562308,120.77159483068245,Si,90,50
495.2431386268842,5.029300126177182,4.912061075560842,4.968811044201979,5.051085175394147,5.04247481977719,4.96348142698883,118.50132806666119,Si,90,50
507.07157254851757,4.924626168874511,5.066451014392028,5.01654139521559,5.061271533710941,4.977374067612514,4.973096631217126,120.96209555569678,Si,30,30
509.9092730252711,4.90812039969675,5.07534003804387,5.0914885950813105,5.001253617682354,5.005251167274706,5.027859949578652,101.31261693546874,No,Ninguna,0
499.9007619480909,4.903921601476749,4.986457613832987,4.985079628107339,4.918441662795703,4.936236610566339,5.031548104743135,149.9894929487992,Si,30,10
495.2352589401794,5.005503750413426,5.065407336226092,4.97030901192119,4.930513304472968,4.9643933880102065,4.964148078743473,86.42206133264793,Si,135,10
501.5236706259762,4.959900681316257,4.979582621281748,4.927331499763296,5.037060002195592,5.089938290712909,4.928910334228825,121.92809660945355,Si,90,50
508.2002799178542,5.038534920743486,4.947568816794264,4.957951233095283,4.9931679488298535,4.992150604287957,5.092443589408359,142.29332946883335,Si,111,70
500.5089858443479,4.936240364055692,5.0250451981980016,4.933263945403303,5.0613868490061815,4.926050745808556,4.963539503300982,138.82938181569722,Si,143,10
505.58048526199,4.9134086762065,5.09299004535366,5.052403685763917,4.933859435642107,5.0615318245711345,5.058136416033552,115.43500447953537,Si,30,30
505.28498018380657,5.087233178504867,4.909373690675802,4.976048025288171,5.042258278961111,5.05748179321535,5.022389142947946,114.9922676450045,Si,90,10
496.8417773043918,4.903162188020421,4.955441519601503,4.92876688607373,4.946481255811387,4.968843426657654,4.908615999279727,112.71268891442006,Si,30,50
507.23886021695745,5.02552426771264,5.085689166457472,4.95150031682142,4.918677602342158,5.0325554999866755,5.095504456295706,134.3009512508944,Si,92.5,70
497.70902671796114,4.9263633972523575,4.925952913894168,5.05536397396652,5.004703935896421,5.007410395732517,4.975065356850142,148.164345901915,No,Ninguna,0
502.2445090219764,4.901395811544899,4.98642784165294,4.94888523819832,5.0553898521491005,5.048391866966725,5.041180108710474,99.29002175785004,Si,92.5,30
497.28637455258973,4.962568249889042,4.952993359650042,4.97095649840786,5.00270918863151,5.000933999093892,4.9335635623758325,123.59577162728073,No,Ninguna,0
490.1912262973316,5.05713750982983,5.023957223023868,4.929799786321063,4.90699170558609,4.98858582082831,4.941714439006953,148.3503054002438,Si,143,70
494.90570904571837,5.061304705262561,5.079035115131267,5.077839660048885,5.03945336884258,4.986271272570697,5.0448840391894505,91.77441189717365,No,Ninguna,0
492.79894029708686,5.081450442632201,5.007278330549366,5.079286929264919,4.91327235560011,4.974038841244777,5.056724414520071,89.14562528598725,Si,111,30
509.41825979427307,4.941354621251403,5.042389236356659,5.018732893438752,4.965911417620078,4.980179992759345,5.030576025113965,134.02324146799873,No,Ninguna,0
494.29151947665383,5.0475504417386565,5.044222613512625,5.069687093795962,5.036682978426563,5.045407074946481,5.023640890546718,121.84068299034402,No,Ninguna,0
505.3389715542212,5.089845230576774,4.992928147460306,5.07842855463565,4.937766678119377,4.996517971557036,5.0937134799784465,138.65594257694255,Si,111,10
503.5268384386286,5.077913365189559,4.968823080681206,4.917408453009452,5.0636041864953745,5.014500272564153,5.088425001942283,81.1976042287993,Si,90,30
506.71063546779857,4.922678164572402,4.937527054334043,5.087921380283171,4.924302199696529,5.036168572892752,5.007617113529572,130.42307152087568,Si,92.5,30
508.7824794021662,4.983418323247137,4.99106088706906,5.01352789518094,4.958929188454146,4.98187495063968,5.012903191748203,114.62800077954032,Si,90,10
494.695515791687,5.03511795804412,4.945589270276612,5.086588113685436,5.056613071406211,4.986091193118456,5.060430350250919,111.46309556443646,No,Ninguna,0
499.2698586487844,4.941546449571458,5.074389061073406,5.037402088910712,4.9087572353981646,4.986575958550742,5.015361558910257,130.54130298024702,Si,137.5,30
502.52839739240574,5.013416144518684,5.05039229135104,5.028167996314257,4.957270283497733,5.016818391502998,4.938344629260407,85.87800872897122,Si,135,10
507.53678400905824,4.970830887591005,4.921499259154007,4.948298211852595,4.976054987667838,4.976713985981426,5.067067891911734,83.0658348430052,Si,111,30
497.5028808554654,4.988764662030524,5.008643622457395,4.950107009283895,4.907956920574206,4.929048666842751,5.094848109926857,117.31453739329166,No,Ninguna,0
507.6598377697124,4.915420030553182,4.929263950002118,4.9998161413263,4.9275311564551,5.059826839246361,5.021371315728541,122.74029416599112,Si,30,30
498.2880420790782,4.9765744758177055,4.9398842556894165,5.0099286744967895,5.085197344733222,5.022566560241918,5.018446620199132,108.70501424815808,Si,135,70
497.9962317316352,4.9365691190107475,5.025015527456067,5.080665651435774,4.914079843765177,5.011586245070465,5.083419281314394,99.10335338002258,Si,143,30
504.8112358987667,5.089378259717811,5.07965978491891,4.966424157273248,4.904196667287637,4.984206410846368,4.9120124340211655,107.52614547438316,Si,135,70
502.17245670934517,5.078228602764836,5.094683398766066,5.006393522142808,4.969915742596005,4.94106318371139,5.091993312850962,108.10152982560064,Si,92.5,50
490.78385630811067,5.099707505123075,5.099697126526077,5.0826577378543,4.979683805775286,5.060312670102233,5.030780329739129,94.48998633070094,Si,90,10
505.50478702650173,5.096503478234035,4.956474532141122,5.087723106264081,4.953434618504308,4.9277620463489855,4.96155009908039,97.31828631062803,Si,111,10
490.0340326179618,5.036235501634648,5.030500740323226,5.017000875758513,4.982869840740738,4.986233383108451,5.091688548394411,134.4543541935264,Si,92.5,70
502.32417652538413,5.074929490460982,4.945063667493668,4.971593584237156,4.97382207363223,4.916622986886368,5.079057328856784,142.63409338741332,Si,135,70
507.07347314839916,5.038022126796127,4.983582933438498,5.049484518265874,4.923605486531435,4.9810931465871855,4.928984050490512,101.76080078280606,Si,92.5,70
500.8664607447792,4.900958536122065,5.027653131326596,5.072646348562972,5.082782267594463,4.955439281281999,5.055059908196254,115.87106598310469,Si,143,10
500.0382104500721,4.918299675345725,5.091392253137639,4.9220930963188465,5.02473822590023,5.006963125758836,5.09959688014249,125.57789383163413,Si,135,50
496.8889004528581,5.088005299841097,4.920699197445963,4.917158683765045,4.997741569624774,4.961296376030488,5.025873481467704,126.11110684444509,Si,143,70
509.45125284133184,4.957829197233765,4.921575682902885,4.971986023438739,5.000432761563829,4.959323092654666,4.984735699020167,133.4907387601701,No,Ninguna,0
501.7148664443324,4.915354131029356,5.034239688362429,4.905818651642532,5.090391183192362,4.979962908767537,4.904798926106487,87.85961310117844,Si,111,10
504.36040195400653,5.032521804569912,4.982883267285748,4.946628846661511,5.088543512285825,4.901884087315456,5.004906741050697,91.28777997627238,No,Ninguna,0
509.60200000402307,4.97335145835536,4.924394392969151,4.934612188213975,5.055475167024587,4.914252651451519,4.981053604968642,113.43872848708665,Si,111,10
490.67365715297257,5.037552521267792,5.017432897366486,5.00785711418879,4.959460221906038,5.014798899004318,5.081606582196332,111.54997127383652,Si,30,70
503.4942117185165,4.931008807206467,5.042976349941426,4.938545913055632,4.973824211264486,4.971445447511483,4.985583904999417,119.81871184536574,Si,90,50
502.60873840101624,4.949811987764573,5.0351601859678885,5.072115171954132,5.060479487731661,5.024293161910291,4.936403131728372,90.15449901638844,No,Ninguna,0
499.07149746649105,5.042314497952543,4.966472590706184,5.0236617265367896,5.036712934352438,5.016314686689456,5.082361063488122,104.35053796753834,Si,92.5,30
509.92080933136083,4.900286141313596,4.992458863545392,4.931227699117323,5.066252664157419,4.955421278279307,4.910713936002991,83.15469902838257,Si,137.5,10
491.5567010435405,4.999801265813556,5.004732354968514,5.097175611357308,4.994433737562873,5.001902338708012,4.964663822521903,131.63035979067212,No,Ninguna,0
495.60277789809066,5.067979245794545,5.0926141593464145,4.955129580856556,5.072142007903433,5.053524442314908,4.954612553924903,111.20010898480788,Si,135,10
495.48282739060824,4.962202617872103,5.08597486950542,4.930400639506839,4.96820761409783,4.9269160006050425,4.968823039609257,105.94096871593587,No,Ninguna,0
506.7387282570725,5.025279073131401,5.099970115007795,4.994822524888098,4.907094744165247,5.01748804465877,5.020287254738993,118.27093182671675,Si,111,30
505.0344130716089,5.080801441491601,4.94353429696295,4.975850546030207,4.987130552016421,4.90693670973234,4.996648032442068,125.68561171107635,Si,30,50
497.0493171673418,5.091898289990063,4.916406327444545,4.918154272776073,4.988456965954641,5.02299190749807,4.943731868509358,84.71983171200807,No,Ninguna,0
499.1221831692547,5.02804128325747,5.064192995078663,5.080926654533092,4.9735392049355225,5.091391221698786,5.090076179312388,101.82854237199263,Si,135,10
509.3354648303672,5.075290768354176,5.029389084251847,5.097046873122157,4.903963918751843,5.034870627702319,5.023808601127696,135.89377219621042,Si,90,10
505.1735150765929,4.939443536546361,5.07175874892829,5.050726717031753,5.037266549332169,5.027827413099459,4.995028888683792,104.52869903304861,Si,137.5,10
490.7413687920812,5.073597962558808,5.072314431841033,5.022961350184156,5.038679919005023,4.904788292005552,4.938876678167276,115.38734026301812,Si,143,70
501.4409571043959,4.996455315035354,4.913388838764145,4.9265940947238285,4.966297402433876,5.008658059697671,4.951299170280957,91.20481427743098,Si,137.5,10
491.2563297993684,5.050931871421033,4.908805126294952,5.056172419406091,5.043475264796867,4.954358077250246,4.991465971251881,118.24843027407343,Si,92.5,30
502.9555672307643,5.069261797750533,5.076807641642687,5.078266556961585,5.002895205592583,4.975883304465296,4.985134318395577,123.3869106143202,No,Ninguna,0
492.9382594116371,4.912262451594033,5.09720040401955,5.06926847287264,5.001812969409311,5.048355512906466,4.9815904069542185,135.01411428009862,Si,30,30
508.8317554127255,4.9096207017051325,5.090502753758527,5.075480199792437,4.949101434198175,4.9043154052169555,5.052901710519329,94.33656625782017,Si,92.5,30
493.50983408122795,5.076045749259496,4.971422660918776,4.950320726496315,4.990333255716644,4.978460921717762,4.906952899979723,127.69962113440053,Si,92.5,50
504.67049259111093,4.9875867225075075,4.922620186076383,5.0184500879266265,4.982325316824767,4.927951854244401,5.083120121933496,138.70106381369584,Si,143,70
495.5776553241136,5.003620163407543,5.092914491581482,5.034155300162913,5.052970216988421,5.021568743961969,5.036867372090738,128.34202246819837,Si,143,50
500.2366412950211,4.937475466727624,5.014306481245154,4.9126795980015645,5.056396437132319,5.033372613476182,4.941525720981418,108.21189286847437,No,Ninguna,0
499.3609456441183,4.995066252947819,5.043942149868721,5.091156410554308,5.0198248360738145,4.958432078497385,5.000726858798764,130.6220555374902,Si,137.5,70
508.3624869685878,5.054672399248585,5.056382523676329,4.9200784927567724,5.055360402686217,5.0574917049593875,5.021914612783756,119.39399280127589,Si,92.5,50
499.62270846323605,5.0929354267164015,4.954081290755387,5.0770671133431735,4.921485972428456,4.967586483711423,5.007914872538734,148.11276852102452,Si,92.5,70
507.4519285019136,4.918076790641859,5.044534164377664,4.917203498270305,4.989737494776943,4.990895485948728,5.033607539105257,112.6935693373656,Si,30,10
498.4125687419879,5.085155190488723,4.945383077138924,4.964198709678848,5.082206472890522,4.957629743139477,5.093574841661761,100.4502290330231,No,Ninguna,0
499.9576432541284,4.987536781077651,5.091960417507589,4.953934355109648,4.926077382615237,5.068280273361582,5.073528842166247,115.00822442534209,No,Ninguna,0
508.6555551277154,23.39675639853925,5.066506875000478,5.036813042397508,4.994952033699738,4.9309996225362935,4.9504960527493225,80.71721712146844,No,Ninguna,0
506.68967144888455,5.048326562126396,4.981011507716851,4.918774506857055,5.092149931584624,5.062778622491026,4.968980888342652,143.64084605589022,Si,137.5,10
500.202729687623,4.986510486562404,4.907986972842989,4.963881045712762,4.96946313365925,4.94614991567829,4.907678872845756,112.61063697177414,Si,135,70
507.25015660782515,4.917952656953338,4.902628256319133,4.915287613115978,5.02652776842945,5.084355544296866,5.061558974906782,105.28452191590713,Si,143,50
503.6370330233261,4.977771009491271,5.0505382338780915,4.926606755373131,4.9589893185965055,5.071409326404934,5.040650795591726,112.51298074280785,Si,90,50
498.7772754989626,5.03187447218423,5.066749156645134,5.045045934320471,4.991476533976044,4.927143892312941,4.932327028906484,146.02009948289418,Si,137.5,50
495.2553400097294,5.006172591403461,5.009145162371081,4.9042300012145965,5.007437530864462,5.005509306617942,4.96907004282785,123.5230495246137,Si,137.5,30
497.7584464738999,4.94891917787477,5.042923915433701,5.01297901602868,4.922429849679496,5.097032004946251,4.907256323365525,123.85873266021231,Si,111,30
508.7980177169332,5.050586409614857,4.943375502217047,5.051413160457788,4.90735177979712,4.908657834547437,5.057407161020704,108.5492293489149,No,Ninguna,0
492.94667044135963,4.921187650431749,5.08627077754054,5.068174373347108,4.9587210307101355,5.082697773419013,4.941738580606242,120.17452859779402,Si,111,50
497.03303273299855,4.991022496317684,4.907925821253225,4.922307242075632,4.904803803642084,4.915271323989067,4.908033628201035,87.5199068136282,Si,137.5,10
501.34307077697883,4.986537026424651,4.924564926503011,5.0634358252824265,4.916670964772053,4.951359963739897,5.016903070987856,138.32032632282204,Si,30,70
499.0183668227475,5.0027194224314435,4.930119374558232,4.93703633664435,5.058740059530131,5.002929598683255,4.943605425547625,119.96880459947599,Si,111,30
506.2144007539089,4.952959711234872,5.060508577488625,4.92627457400948,4.910552814227322,5.084545245572996,5.0267608840427895,143.6335449270523,No,Ninguna,0
498.34904355355127,5.005546507532555,5.086434949988347,5.081827565805138,5.061966843675957,5.021142608751612,5.096427691627825,92.10234834173207,Si,111,10
508.90785605063206,5.0463062949643716,5.047967195463253,5.034551857334669,5.086360712948489,4.939792845412751,5.079894178647087,109.247471168695,No,Ninguna,0
491.89890536529987,5.004959396916766,5.045498755025726,4.960307990200115,5.001151852563576,4.966417452136836,5.005033862794118,80.50101321686354,Si,90,10
508.17977207452464,4.929249060036349,4.951374252390019,5.071155168998799,4.929351277257455,4.954716144858487,5.062118723730723,113.62239292279943,No,Ninguna,0
498.0514371636285,4.964446234879185,4.961757950821267,4.940426391638244,4.90085467619684,5.055232811222062,4.942315039715775,99.22627890495542,Si,135,70
495.73410236850333,5.0716720373368664,5.021193950213343,4.901821114479822,5.067681700595851,5.078605941263796,5.009230723910785,96.0764163041254,Si,30,70
508.09730222483586,4.906953362930368,5.020950949351006,5.030107900338791,4.92723361546318,5.095653351135954,4.920597325916067,137.10999308819106,Si,92.5,30
497.7611060829717,4.95543328155735,4.985130832112669,5.06925020870946,5.003562058097049,4.915071591108904,4.9100218921291425,147.51282655682616,Si,111,10
502.8324575350294,5.0330720492666865,5.027523598371862,4.923081568499013,5.053152965636952,4.9056283792806585,5.044987787567796,143.9822834203228,No,Ninguna,0
503.99227391744694,4.9010025887168025,5.028679241191147,4.916913512086433,5.080451352988138,5.072552754206295,4.916150542595973,139.96995727948365,No,Ninguna,0
502.1804401053364,4.916645095917933,4.925130460859949,4.9513219438304255,4.939085204835065,5.0462241572461926,5.014135160560216,118.04112300305164,No,Ninguna,0
504.3737395833703,5.071969598640354,4.957841970391448,4.959606718698094,5.081799303111342,5.027410678182269,5.048097766083787,137.75487089165173,Si,30,30
497.2663117457081,5.095104695304565,4.9032582017032915,4.953507466911063,5.03340067245895,4.931134564529167,5.059805897142643,146.35898151451013,Si,137.5,70
504.3215571517542,8.06977146491709,5.090968821390333,5.0159843019334724,4.934517923751116,5.05570317049475,5.064048448657178,82.13270496398907,No,Ninguna,0
505.2448236973597,4.944473347297599,4.912373622766963,4.934031284837349,5.025747122044499,5.071164640016948,5.087611538475712,134.1650895950913,Si,143,30
493.9809962928581,5.072679437545097,4.935907270683597,4.915160098591132,4.929507584105068,5.065087336967421,5.0777638394153035,138.35661028479825,Si,143,30
504.65220464481934,5.032806470667686,5.0767538944328585,4.94511720625924,5.079698196198028,4.930916147086484,5.048840753996916,127.0131548823955,Si,143,10
504.4316295211464,4.982557311734249,4.98006558258635,5.047171584925031,5.018416460616822,4.918871926172022,4.973054936764795,145.75130826635984,Si,30,30
506.7596889490756,4.956984773512114,5.074230896567172,4.913883258351559,4.969143944283025,5.086444572030408,4.924532584499835,138.78035634636115,No,Ninguna,0
496.25660466105086,4.989723393822766,4.9216075450511045,5.03886521600959,4.978767626685505,5.061540575888045,4.9636657027331,108.51897619095752,Si,137.5,10
502.56051383855777,5.02995287278011,5.0578727538490735,5.038546682192772,4.930958448615959,5.000984806883028,5.074993141271141,92.19526379975923,No,Ninguna,0
492.79204092215167,5.042231544385024,4.9674202470998114,5.09151612661399,5.068283732840805,4.953085844808686,4.9971044289059225,91.33419366501036,Si,135,70
492.91894077374064,4.979863428770336,5.051236755798682,4.919998075561794,5.0850262173687035,5.013489986464385,4.9577328426568705,132.04941493879898,Si,30,30
500.1560264972233,5.022412932619381,4.916320323785356,5.045116159367271,4.965414501235253,4.942253415997208,4.9309614439792275,101.4800581867223,Si,92.5,70
506.55251064920964,5.060891061702216,4.951419336981487,5.041911307431488,5.035584598767095,4.96641668101587,4.9018283229206885,124.30586477443926,Si,30,50
508.2320578998366,5.0527909322817735,4.982127002008883,4.93585721045132,4.968288545685973,4.951401877515682,4.970277155059337,136.95509419968158,No,Ninguna,0
491.08189717879634,26.124107683948885,6.619381566754475,4.912467714746907,4.942255799510408,4.911122222796898,4.956206368142747,80.39846957265446,No,Ninguna,0
505.9997461678015,5.086546166892889,4.984991124809254,5.013374226339213,4.9971712854524055,4.9360433004119315,5.0752692452607535,88.75538222908604,Si,111,10
495.04565149845445,4.942897606123978,4.9610695708974895,4.973613265043447,5.004288136930039,4.964277779753756,5.06968066457422,124.80360623279117,Si,92.5,70
496.7401899997848,5.0105072833724424,5.005032737418515,4.939833598760204,5.009689094951265,4.9902578303279554,5.092911414750698,146.96483798208328,Si,135,70
491.0275127237623,5.065515878598226,4.955705656042963,5.050789077083575,5.09777111555799,5.090667119378106,4.970374896865843,121.32249699242908,No,Ninguna,0
497.1177924825078,5.027595750882873,4.931115028659443,4.941051031965758,5.083805896262047,4.923784221924048,4.976420767989097,87.23806530331616,No,Ninguna,0
504.5699693053163,5.025782163566352,5.023358000946872,4.9258357197130636,4.99719651417977,4.912852022164729,5.01779220801686,87.8054750426582,Si,135,70
499.1314567879124,5.083398661176324,5.096305008870893,5.007244952758301,5.074876169197283,4.920505751641616,5.06369942636556,109.62927284510715,Si,92.5,10
506.72750387406444,5.005327830593091,5.047784353041198,5.038101351134713,4.944190511331048,4.915536362478962,5.092101166309389,118.39461301784479,Si,143,50
495.72405418749867,5.072216666781981,4.971160774343339,4.993826474147677,4.980777539554394,4.989396205882729,4.924621640213989,145.81085979656325,Si,111,30
493.7407373876877,5.059427842977429,5.087769440733596,4.916622987426779,4.966061181050922,4.926193118336372,5.037618550715591,97.73601030963731,Si,137.5,10
504.275123492638,5.051576153540015,4.940944814342754,5.067283591104009,5.04952287071761,5.018720834019787,5.052106210239601,110.21075812388,Si,92.5,70
496.0058850933345,4.9614174609772705,4.996464450603701,4.9408886279308035,4.983551229019059,4.9019633298723315,4.9423358458124325,117.36121848743231,Si,143,30
493.39508557746285,4.924521178834875,4.912107602812881,5.077998700749925,5.024810889700375,5.083031282864762,4.985881309132619,89.34571005890966,No,Ninguna,0
505.3298541131204,4.965170930696922,5.060624607142403,5.021252041942867,4.993385349864521,5.024192652869561,5.056534939547003,107.72254358469122,Si,90,30
492.36047801161993,5.073464424827047,4.945654681372846,4.939243656609007,5.015248005788657,5.083008778750542,5.087978562657196,121.14417281137311,Si,143,50
493.1796332687535,4.908050484316772,5.01978848378645,5.021298951077953,4.994697358003657,5.015651342368129,5.051991285876401,93.15159643498201,Si,135,10
508.4510774760817,4.979352285001467,4.912454549291318,5.028279955136948,5.025754460796146,5.016181443228682,5.023032665227112,97.36346589816337,Si,90,50
507.2861341981576,5.027748454740814,4.956106224021981,4.944105054848858,5.027658994428751,4.9486132058750165,5.005031979667009,80.17641948844533,Si,92.5,10
504.08528457961796,4.981853543165726,4.9550997215634105,4.97506564042267,5.002332146077623,5.06466562109116,4.945816292091695,92.95165470083964,Si,111,10
504.8051039046614,5.050069464855394,4.963003538736265,4.908063737759451,4.988476610437064,5.013361063339105,4.916210656158896,135.72065373708557,Si,111,70
503.03518760868866,4.965727870709891,5.003818209476062,4.9886369457429725,5.036308703611898,5.075884500555155,5.082062008003169,93.31156981929435,No,Ninguna,0
493.3042439176675,5.087474416482232,4.958378528533447,4.962371178758348,5.004945813693925,5.013074167855077,4.9628524704212795,100.48999471588354,Si,30,10
498.79282339378966,5.050867177505527,4.943508693593938,5.0851018610862795,4.94480837672481,5.018980300740956,5.08477755663176,147.20550031626408,Si,92.5,30
501.7413049652817,4.943921183513105,5.0026944027839475,4.930434980046632,4.973373083544435,4.9891295941830185,4.963041946402166,116.73577798977112,Si,90,10
500.9383079667146,4.9729244392563325,4.947826939417335,4.988932400749449,5.0180395664086745,5.004464458168008,5.014728353969089,139.83451798989304,Si,90,50
495.0936501712528,5.07981902178597,5.013429973387511,4.996824346215488,4.977451855115,5.0682530475597645,5.071225894719761,81.63078346286822,Si,143,30
497.94599898405414,5.003899965879646,4.938277072373579,5.0672757611352015,4.979649861301789,5.0938277586563325,5.000956439095946,97.32364394706752,No,Ninguna,0
502.9118453822472,5.078642333837981,5.019378256765545,4.923540578905419,4.975780157593954,4.9927119073345185,4.977880846191946,148.592567567076,Si,137.5,10
509.88384103007263,5.0549817874507506,4.963293830435783,4.964426547953223,4.90547237321002,5.023012083466252,5.007447197490361,83.75597614084738,No,Ninguna,0
499.2187603912584,4.940107571152624,5.020446060649438,4.922953792660511,5.0080941051329155,5.011214444884898,4.975737070636584,109.1093149161398,Si,30,30
507.2170929838759,4.91863929380856,5.098239652392081,4.934524983906676,5.044198095520166,5.0809028580226485,5.006309119310201,115.85738297589273,Si,90,10
501.13430507400864,4.963187194487289,4.978822401591123,5.028359311784459,5.05098789798798,4.912080480920619,5.099534578058714,106.10487680676512,Si,30,30
498.78867779679,4.967925029874217,4.904353518340859,4.96692816927529,4.992338039080963,5.067928445191075,4.9025041353947385,93.34855516731703,No,Ninguna,0
500.55499072438175,5.049623426756834,4.985006567289242,5.036049076457576,5.08592427659302,5.080537277029917,4.951814564411785,98.00846712962127,Si,143,30
496.11643058729027,5.014161020729099,4.903866734812258,5.056684534115263,5.035302142836446,5.0597392917296204,4.9529876176749905,116.50832394144217,Si,90,50
503.2647499279872,5.84929415469675,5.0637956460269935,4.944078086683541,5.056486895521772,4.902785331513632,5.0462356258089756,82.32774234172119,No,Ninguna,0
495.6580889339458,5.0066174185531525,4.97416367032204,5.025116178600826,4.902562298883861,4.948079779843925,4.971654996364104,149.8607562395088,Si,92.5,30
500.91456453699675,4.964432335652707,4.999122578200463,4.935404534016456,4.915595186758887,5.032893555424386,5.07380367022379,84.87766875714625,Si,30,30
502.1747590764952,5.069686649071598,5.099599890804868,4.90117448624618,5.06492575083233,4.928366568673298,5.035889305721293,123.87431219535333,No,Ninguna,0
492.14830058589547,5.015854680400294,4.9214997755363505,5.035626243559836,5.0277391454666285,5.0626765683857995,4.91705518971459,101.69749153673024,Si,143,70
499.2502074688928,5.052164163420261,4.959636932879298,4.951280909794995,5.042299887083117,4.937005851132487,5.054641816102869,140.0353263976519,Si,111,70
490.573213957332,4.972389312682684,5.030969041525074,4.952480170879675,5.049828237359612,5.001149310875343,5.098479622455888,117.171853984651,No,Ninguna,0
505.2882638305752,4.955508650395375,4.96312010094617,5.0028533404852205,4.952533467123543,5.034736154300537,4.969619566468281,145.97322625476806,Si,92.5,70
506.89944912107666,4.978653047194939,5.051167295246431,5.093659295278245,4.996511358275817,5.03545163363428,5.000909760485158,138.2375952568492,No,Ninguna,0
508.20516166107103,4.937372445455254,4.90239829227787,4.937824881381584,5.012733706131843,5.062233525137606,4.9270985242378105,137.9970121891816,Si,30,70
491.103058195574,5.090701016651425,4.918085276649754,4.944134765242293,4.918513624980885,4.9193657241148605,4.947433500744765,148.98362577185603,No,Ninguna,0
498.5502916494112,4.909940237031497,4.913965436233155,5.0264661640615875,4.938467619878841,5.047012911024044,4.959910242923573,140.99224051463298,Si,30,10
501.34980486183895,4.9500748011912155,4.980877840585427,5.064227229794594,4.907817003874474,5.0302429244407065,4.9433087551684585,100.57008425204698,No,Ninguna,0
502.0646140689753,5.033247688201735,5.0187895110036695,5.07695036663921,4.988269539042379,4.980503488320759,5.010912409754093,87.02906912830773,Si,30,50
495.7994115368218,5.008064171283169,5.091789194084355,5.041521549149511,5.057011125050566,5.053574067090478,5.078989415592432,103.3600969040404,Si,30,50
503.6228484853692,5.0824304812155505,5.072643868228773,4.914739008572366,5.061233686136736,5.08781103912761,5.061378167275825,92.07025716375962,No,Ninguna,0
509.4426919438905,5.001097787742008,5.046665237037843,5.023913861394183,4.969694082291592,4.9327959947136435,4.958062308601704,131.7623746309249,Si,90,70
491.6840892950838,4.9481735262404465,4.990543139798699,5.0826158475419305,4.961999726897509,5.07848077014513,4.949142566017967,87.16032578165911,No,Ninguna,0
490.38101067355984,5.071327419321656,5.046184649621171,4.942185678130527,5.005465489560297,5.0140912292563655,4.977605927863226,134.356904654171,No,Ninguna,0
495.4515074331398,5.064920693634173,5.038985926268842,4.932977184511175,4.922140610096245,4.998256681510476,5.062118570240496,101.64126755682103,No,Ninguna,0
495.2180322627252,5.097539944344049,4.917547612847352,4.915025729212953,4.985460037277957,4.965094361005832,4.982838286849297,95.47608292735065,No,Ninguna,0
509.24279096621717,4.976182794633609,5.0668700282101,4.996336007807967,5.000853690268145,5.020484419456871,4.945773558082691,133.5769349541675,No,Ninguna,0
500.2125889504565,5.031401371975053,4.980338539794862,5.06430656205724,5.01476516978208,4.905785927154562,4.909983121865488,147.31607904101332,Si,143,10
496.74065419871766,5.085442356914633,5.001070172331593,4.918755792243776,4.970567794755342,4.977255013188934,4.927376519552023,117.73020419862286,No,Ninguna,0
494.0871898718653,5.064285003077103,4.983210948960967,4.9665648870795716,4.979886953555256,5.086977456980617,4.944070343374623,138.10081084253454,Si,137.5,10
509.9055124976735,5.0264664021446,5.025084929378532,4.971513901195552,5.047678525745159,5.075081888366102,4.959784832433491,93.70641979478562,Si,90,70
502.51039168708166,5.0162482584743495,4.955826392519766,5.007963745256649,5.060649902431603,5.028621471090371,5.043615067890601,115.61262413888865,Si,111,10
509.90703397430633,4.997841874005145,5.09151318616534,4.95936325355715,5.031137488839521,5.079158244921487,5.090604209491273,95.0543036329563,Si,30,10
503.0246255774563,4.918864025792188,4.979966317886625,4.9263650979279525,5.079977984124075,4.987796313790298,4.910020901828897,125.35081812110751,No,Ninguna,0
506.61811570920145,4.990285432745309,4.952798223508471,4.951978441254624,5.043639508711807,5.099896831722833,5.0076090097215715,142.37107731226075,Si,111,30
494.99334616523976,5.096706232960914,4.963556067230427,4.990271960924049,4.970245489102027,5.034661263270387,4.926533913433735,89.41883445026612,No,Ninguna,0
499.72098761598437,4.920622038608038,4.9429058253892375,4.987750162831163,5.065888560984542,5.015013682546363,5.094668131093625,126.1688894384383,Si,135,70
500.42005896775515,4.998310558770312,4.9541044705285975,5.000369473421357,5.0587172459719225,4.972829243082552,4.964407673344263,96.99423788854583,Si,143,10
503.91186754057554,5.059635726879755,5.070587663012418,4.9651629724252855,5.03810449709942,4.956702762870844,5.0383460297608105,137.92301993780632,No,Ninguna,0
501.7485328623842,4.996466557431024,5.076362522041247,4.952364471026193,5.049908831008997,4.997822453906193,4.992941712489372,121.26280601486525,No,Ninguna,0
493.785296228033,4.908246740224493,4.983770110522021,4.918722912989617,5.069517989457328,5.0468301886340745,5.067043209663341,111.14078520904351,Si,111,70
503.75941559727545,5.063760001253549,5.027465409634354,4.972913414074475,4.925597095627217,4.972481265229635,5.037079545989927,144.65512029243,No,Ninguna,0
500.7564478907905,4.923585935970574,5.058958565208217,4.937775341187665,4.921761185982737,5.05928700184868,4.906027519663793,130.50968453499726,Si,137.5,50
491.0592749109129,5.032156575150209,5.076984820636724,5.032894789916131,4.9433997964738206,5.062876949005955,5.080584715101335,124.9599494951997,No,Ninguna,0
500.4540145395628,4.99051034657178,5.078829187176245,4.929342859157184,5.083018457816438,4.951720092599482,5.048200470999127,136.37476100357287,Si,135,30
499.273396809198,4.98387201100852,5.016704612384032,5.059374194149318,5.008929685706721,4.922566088032907,5.068292592616345,97.46677706466272,Si,111,30
509.68857519855214,5.075458635129809,4.994781707226772,5.082820728022893,4.9526715879448835,4.957288023332063,5.039944689329577,130.58466929403085,Si,135,30
493.87642577073194,27.596308936773912,8.177740282102324,5.079398769957075,4.985931714790591,5.080835801890647,5.0622514603603035,80.27263406158927,No,Ninguna,0
494.4711390065231,5.028676005324965,5.0888284370331265,5.006516404527026,4.957306478543467,5.023015732638522,5.0732724507898315,140.52297013182186,Si,137.5,70
509.28847678477763,4.967231126949944,4.943140239786428,5.0071993444274,4.904858498263167,5.014078461779991,5.0547500731829205,120.34878014888523,Si,111,70
492.80182368277866,4.969497337542968,4.946038927684468,4.997080763046559,4.991522080498267,5.05824199467221,5.077344630935675,139.58871173768927,Si,92.5,10
507.68819996143424,4.939073371912344,5.025028292456961,5.003060671789453,5.053488931081543,5.05594562132792,4.949013185772325,148.8119768424055,Si,90,10
506.4086930121208,5.020789196790411,4.9064650791366065,4.927046909015822,5.000039233456043,4.981987072193483,5.05625196683928,133.81366702015987,Si,143,30
496.16388979338336,5.07033908211515,4.936367799283324,4.993811272744353,4.9001988106739285,5.0513822827215655,4.993780809503529,86.02113952340062,No,Ninguna,0
506.5658670481663,5.045556937734989,4.98183891404165,5.097782002531504,4.963196396664065,5.095169689117905,5.049154556384068,91.62107094034326,No,Ninguna,0
490.304947216052,5.029103342090982,4.934397114215382,4.957570567519673,4.9925310785905594,4.924564712804647,4.977546137097604,129.86734546345912,Si,143,30
498.75585914668125,16.01099327813422,4.995676110562392,4.914492960580936,4.910392578002698,4.9510562202714175,5.047628739927524,81.35767787136511,No,Ninguna,0
502.18707741081033,5.062003786852532,4.9305762154436374,5.048564786741704,4.935770167146263,5.083115705139805,5.048250380806136,90.01865366477816,No,Ninguna,0
494.9967099787785,5.064908898501321,5.021042728218224,5.067065230045533,4.927643575401082,4.911378532267187,5.09622786798905,93.71919597002338,Si,143,70
491.50784338033225,4.964927035711364,4.930323712677037,4.990097117617915,5.057952818802249,5.031387425369126,4.979830017582072,93.84502657775016,No,Ninguna,0
507.8570431601494,4.959734073025794,4.9813284117640695,5.043168979263003,5.0885213641513936,5.040797638721199,5.060378308463332,95.09274698568701,Si,143,30
494.5797134548854,5.038303858115788,5.030600960222033,4.964944646799281,5.009191833780917,5.082641512557863,4.986075091713144,95.65696860984794,Si,137.5,10
495.6216850029981,5.0990996444601375,4.995797575618084,5.096517394153028,4.933836392848176,4.937701823288167,4.999667058649379,86.98970786362108,No,Ninguna,0
505.78592200232106,4.904070500670804,4.9554525083246075,4.996660249789139,4.918433061125191,5.016610638073181,5.061201452249541,130.54444356446837,Si,135,30
504.23639406646697,5.08347081977273,5.0373810849364835,4.918847388278449,4.9122314080933425,4.984183382001904,5.0757895199433305,146.91667791709384,No,Ninguna,0
492.5168982979444,4.936394653848344,4.978566973377617,4.954543868069791,4.94209552812566,5.0658731352244235,4.963554510231493,110.1260781109212,Si,111,50
492.3321807089967,5.011260794658706,4.983483511632825,4.987890794466418,5.0452271536905595,5.057398600234614,4.9008171273556735,143.06289537226908,Si,135,70
503.7885872815642,5.0489410622538315,5.028093607337894,5.079953113153011,4.994316703683272,4.9398591762113755,5.015128858249312,112.75765568647736,Si,135,10
490.28521742523327,4.948651493580001,4.95855743590308,4.957264615369512,4.9546801521982005,5.047996194768928,4.92006365853901,129.2914163927362,No,Ninguna,0
508.4514046948917,5.0155429928305635,5.061799775710847,4.9818399089915415,4.908372378011967,4.917527273373629,4.942622252398256,129.77042678687715,Si,111,30
504.18528785144696,4.96201066956645,5.024027494013291,5.002555733314441,5.067984446377774,4.970435760088794,4.961203682785572,149.57587756677077,Si,92.5,50
496.08849740118023,5.052808118688552,4.927865124208163,4.961855757641614,5.054320284780666,4.973784360975765,4.910323295213035,149.2148395382241,Si,111,50
509.83436464300684,4.922022507219278,4.9305877541995935,4.938894396326787,5.0078266061008065,4.901681861837312,5.0714144050155205,104.1092901872732,No,Ninguna,0
498.50580125719785,5.039534667366912,5.089300494872068,5.04303529126342,4.925815873435853,5.056551708390192,4.9311326736504295,107.26899932771951,Si,92.5,50
504.6122677285568,4.959824896366226,4.9029601957864255,4.938651629741184,5.080013797209364,5.046855826588681,4.939404380419859,84.86322766498004,Si,143,10
493.64694146621434,4.91477011799567,4.933453767069685,5.070651504756521,5.0310434318979675,5.06344961077595,5.000929361440631,81.36465969137431,Si,143,10
504.7638986460079,5.02661960778973,4.910893332629357,4.9255696046557205,5.093403855840337,5.006168135070373,5.059069669913703,101.67638315588098,No,Ninguna,0
505.5421490771391,5.080555734704456,5.0576295704549885,5.018511456593011,4.983329401268519,4.910951440575173,4.922693001101268,108.26107484691003,Si,30,50
502.50667296098004,4.997379871286033,5.089391340183723,4.984365630565177,4.924551368468177,4.969573184758914,5.080702684536625,111.35065171667155,Si,30,30
494.19329545145905,4.983130793043022,5.083323071135367,4.97449791254052,4.901504862660145,4.993134865095639,5.00985691732943,146.34470803291896,Si,92.5,70
497.74763216461884,5.088988972743168,4.933573201743124,4.907495855477722,5.084716828029358,4.938454956446463,4.938345901738471,110.21712698725356,Si,90,10
498.79131618690406,4.937535347379773,5.02711317610998,4.904424302729638,5.078182575072762,5.0612838427787725,4.93259359183547,138.69640566220778,Si,143,10
492.37587990310413,5.004441466898483,4.917318040361172,4.97723034657516,5.028615624596829,4.936308639631328,5.09497416716941,104.74244590222021,Si,30,10
504.4363851242152,5.012610566862616,5.095478133108729,5.084281137554666,4.930664797162645,4.976151076504251,5.01697680656525,146.4456192137156,Si,143,30
503.10070883630954,5.027805177497672,4.996379256662034,4.984173178183715,5.031282555938186,4.9113654990752655,4.931372567827568,123.86557164595654,No,Ninguna,0
509.9166343903563,5.079086214184632,4.902146659052357,4.909494227700078,4.994098431076079,4.906083000608217,4.941467156157696,127.54986679379185,No,Ninguna,0
493.84376780922736,5.010016787801499,4.952377429432045,4.926277066107351,5.060810752578719,5.077587306125908,4.913873993962313,127.86588694643399,Si,92.5,70
509.8264051205673,4.976658774863017,4.919007067596044,4.980663356807755,5.0517623152169335,5.041530045949571,4.9039227852201455,114.10044876408358,No,Ninguna,0
509.6555194705021,4.904589986735316,5.064440366640292,4.979375214972559,5.087039508291976,4.985567318170278,4.964126427931221,129.1902436218076,Si,137.5,30
500.6501376763366,4.9021892410512535,5.090847466187043,4.949171340364473,5.0113801815468575,5.056054035147509,5.017784521616638,103.15747838923608,Si,143,10
504.6841198891677,4.935752286970561,4.98318672384591,5.069221807606089,5.023428100957646,4.978521629480992,4.960463957109548,110.88041135147843,Si,111,10
492.6987256490219,4.9815418737641695,5.029763332539852,4.934739385634452,5.084090132311561,4.999098970387541,5.0487454833357015,115.49208962901037,No,Ninguna,0
504.9638840769736,5.045520891957197,5.0636899864553975,4.919639953189501,4.993043236475808,5.059236766746353,5.0986661534075575,140.19631287286853,Si,137.5,70
499.0694570109252,5.039697146451065,4.926080250490219,5.047265845587261,4.9458968600177755,4.900611010393436,5.055948450741166,127.81181453294042,Si,92.5,70
502.55181463346065,4.975751558440751,4.934679117494957,5.055502620482431,5.027498098740765,4.9193780361078945,5.008512176802177,143.5281844093758,Si,92.5,10
501.2885263813953,5.046457852457133,5.087706307044425,4.968715686814389,4.959108146442594,5.018604699512706,5.073227348700633,147.59832081294093,Si,30,10
506.6920238037024,4.919919745749683,4.9002682369274595,5.06532437363023,4.980289199116384,4.900919260195345,4.948302391618256,93.13365981433893,No,Ninguna,0
492.59071739100705,5.013544181797562,5.001772896098361,4.930102058510221,4.934641971286843,5.012718128699065,5.017832709814602,142.84621194137313,Si,135,70
507.95809222074485,4.95328241493705,4.924970102267499,4.922836207319197,5.073158999909663,4.967061452093716,5.0122435683780635,134.45290278763875,No,Ninguna,0
497.6343216513868,4.969289870359507,5.046327722719194,4.966920602546316,5.014067693810068,5.04712817874529,5.072011509256604,105.27766160210739,No,Ninguna,0
497.2670252588649,5.045467868132846,4.902378176832917,4.971654621834281,4.958740727315698,5.0758077682381035,4.94924424497896,117.64217297329839,Si,30,50
491.2052821934962,4.943943849058514,4.93386187939279,5.065062046672352,5.095562627473,5.03486454896805,4.987455881455143,118.54921358373633,Si,92.5,70
507.118135638228,5.069429370111279,5.075563826938528,5.0927505534259,5.010538612107443,4.918280141905862,4.925801713664041,103.87914971085533,No,Ninguna,0
508.16069900970984,4.943196058741419,4.98328055393106,5.06787789786965,4.949939026291732,5.02950647562727,5.0574073811632,126.70242156741838,Si,137.5,30
504.41814791242325,22.218523895904145,4.93763377013097,5.07387837361398,5.072518246978982,5.087870800994503,4.934890210253407,80.83624008701214,No,Ninguna,0
505.8938258715064,5.0981051039152625,4.9220600963649135,4.948451090942777,5.04826194567486,4.904096071308898,5.007704042097224,90.8768160031473,Si,137.5,10
498.90390936406504,5.079919400417808,4.91403375514979,4.93414568418005,4.954592865238552,5.02439715980577,5.066752585965994,110.1264912711235,Si,30,50
497.5817653554057,4.995554082534581,4.932548685970561,5.098460540352878,5.007635773118885,5.027027297628329,4.90812183055041,126.98388035421436,No,Ninguna,0
499.60251345833643,5.0326484270457055,5.089425756484987,4.91833398513841,5.077285307142243,5.0033695590084015,5.094461665250333,126.85506184696827,No,Ninguna,0
495.7604591642497,5.03844062770728,4.930158152566196,4.913603108412832,5.071845278846558,4.996594331376851,4.91195751006417,134.0489755928404,Si,111,50
497.3509825807644,5.020683073259663,4.9386075285219215,4.919323258811164,4.94055607522697,5.026949113188245,5.0274476578313,149.88467287551737,No,Ninguna,0
501.2459238178417,4.938198524471456,4.936251331334335,4.977961683499476,5.024417350840217,5.051599975514108,5.096612950955594,91.30407635671163,Si,90,50
496.469025794017,4.971817799091071,4.901056549430128,4.985620851789358,4.978550263230288,5.073346530756058,5.02557211154431,144.11278764633943,Si,30,50
503.8135581982304,5.048281712145637,5.0891028621236485,5.098777960996766,5.070065974956441,4.941708897367552,4.9213735826711,94.56187352752465,Si,90,10
496.7518150095644,5.012909555149614,4.994024859149656,4.988252921582251,4.973519717577036,4.929191355952276,4.928521426242488,131.38599115501805,Si,92.5,70
502.5550027857941,5.049785716372805,5.063629832405291,4.942876187411493,5.061405641784997,5.010460135556685,5.094604293234845,103.21932782350017,Si,92.5,30
502.1169088758081,4.977521695102192,5.010131254098937,4.998245027961223,4.995614099381153,5.01861415242396,5.085938584192609,116.79618985960272,Si,137.5,50
492.91145911992396,5.065067140749178,4.953411026159825,4.914059691083448,5.0577491881611785,4.908253950460277,4.933494425209661,112.25587595772924,No,Ninguna,0
490.9008566939797,5.062928801952246,5.085541603099496,5.077820862881164,5.038177088801187,4.966292513102841,4.987851899262043,93.22758196562299,No,Ninguna,0
492.504118359169,5.056563586177067,4.968441739576295,5.048763426279198,4.993976665167998,5.079897199205368,4.912854689420546,129.56720344911798,Si,137.5,10
502.5848095821882,5.050762700269464,4.983007562454231,5.04310086980201,4.941146388317563,5.026477826827028,5.003079814995475,128.44338323634824,Si,92.5,30
492.5201940189618,4.959254910443381,4.935658979575319,5.032570527944482,5.018110353030391,4.9019079461574835,5.016611104396061,90.09803022857821,Si,135,10
505.8082338725957,4.919643751328104,4.906217638145989,5.09436448226941,4.9431137431649494,5.077728879562566,5.061921754320234,112.59481672728835,No,Ninguna,0
501.9937270079335,5.09227403036446,4.904196776273154,4.949034000074558,5.001431502740554,4.977630527227336,4.960526729306541,132.71853164652194,Si,111,50
492.96489859316796,4.97037832980599,5.035479485559114,4.9447497563161456,4.956670883014274,4.976414030373728,5.033737812133153,148.0413277495114,No,Ninguna,0
501.1113445229612,5.032241867417935,5.03521759321704,4.972834166105032,4.9281690261021165,5.004164038508974,4.908009009649876,106.13283658974987,Si,111,30
505.0349415760058,4.975907318689843,4.915216827785439,5.093834157313827,5.063261020634338,4.959603925417735,5.004594473801742,115.51979223031424,No,Ninguna,0
501.3629520130857,5.032236255018316,4.968988530998803,4.926241536906602,5.095444579990925,5.003840880273178,4.977207377631779,139.11960266051892,Si,92.5,30
503.5024197259735,4.939925242012575,4.938141423647212,5.096289242047456,5.092728644026457,4.974763694955045,4.953315892609245,142.39933255327614,Si,92.5,70
502.3469231349373,5.036978690152855,5.0578797476197295,5.057034861092271,5.001656550680555,5.071702854188316,4.991228020748804,135.13068535119854,No,Ninguna,0
497.75878187900497,4.953347288055451,5.060180340678818,4.977375535071315,5.065261115596882,4.960789492004118,5.07421496488474,126.80117302858399,Si,92.5,50
493.27071152451117,5.074094339849555,4.94544025415384,4.952774187498584,4.945418060801508,4.9112676277377965,4.962908732243318,99.2607977221406,Si,135,50
498.01016752105625,5.097862079745754,5.058202471552944,5.0852830891129175,5.00247650200716,4.992973494715742,5.000315893744862,103.48625768248922,Si,90,50
492.92000980906454,4.914055409168182,4.962241211072081,5.058268482636686,5.095379650532788,4.918506673258246,5.07778444736825,148.5277294370677,No,Ninguna,0
491.6593723974631,4.917253238518856,5.02719190432656,5.054775424708679,4.930575860006323,5.076844366991111,5.086972814232498,93.43428617356123,Si,90,50
492.2064715710313,4.950971320222056,5.04433347433686,5.0427897882082595,4.991493239355393,5.073200952778476,5.073975232107623,146.8591553380858,Si,92.5,30
497.5926799137529,4.908594467465429,5.068808821642981,4.937875082128994,5.043627921317084,4.942404530071869,4.903621493703487,148.46997907260976,Si,92.5,70
497.2115486823023,5.02590379353209,5.083759819730071,4.999528483207431,4.972350186664214,5.0039587930665945,5.00834994042749,120.25244046500745,Si,137.5,10
505.6915041683543,4.966600462831125,4.9946440721787555,4.9619272206327025,4.9436456349945725,4.955569625309443,4.982982340043463,86.38363857730076,No,Ninguna,0
495.6695798669292,5.019325028593788,5.037428312593478,5.014406522098116,5.005827514510016,5.063819386805691,5.019835161721437,110.60575126081379,Si,135,70
503.157846378396,4.979177877933911,5.060533015824556,4.949009867277043,5.000841376903224,4.967452722497433,4.9825679954300695,85.47977219501594,Si,30,10
509.55091937185733,4.934752714609278,5.039251200090398,5.036281664989075,4.952008888832012,5.025889840166801,5.0731959781537865,125.55580993315513,Si,30,50
506.6147325135915,5.014170811583654,5.081037106837676,4.930153530443014,5.044235770286703,4.981925853609248,5.0240914702254456,124.6724354064948,No,Ninguna,0
501.04946510355694,5.03512581553921,5.073937982284242,5.005919091944164,5.024873943662002,4.95927565266706,4.9021792180379835,137.18838728750887,Si,90,70
507.66814269861624,5.029717605639066,5.04614646365745,4.970661360119688,5.026184580791882,5.026348433222016,4.95303256407032,140.581571972289,Si,30,30
496.33360889355725,4.924334243652578,4.927328015054994,5.086571674586407,5.0339300204809225,4.945212419073887,4.924019596458376,94.45507234139393,Si,92.5,70
503.38513916019076,4.997804221227795,5.04185439683137,4.918237376507475,5.06250765150749,4.9333392021670885,4.919343671345188,102.0848222780577,No,Ninguna,0
500.74858335862143,5.015034832006514,4.935939978434827,4.942584027376361,4.989302509724431,4.910023054944676,5.080548472727147,132.7089549262448,No,Ninguna,0
498.38365435682283,5.026910562129277,4.962977170975939,4.9614886776875835,5.094963856405383,5.0969656922045,4.993785728762608,125.99274557459465,No,Ninguna,0
500.48975838966953,5.044184299959802,4.921203354981914,5.060530704836704,5.0022045615966135,4.998489743347424,5.074151249934245,124.50658149495814,Si,135,30
502.06685432789385,4.935780609082117,4.918508301432795,4.994811920696203,5.045439083529938,5.082914466771334,4.932670545485892,131.85766675476248,Si,30,30
499.38286677070204,5.0705050027434195,5.003878577411688,5.0464128357433,5.019609934370097,5.060757050740608,5.003901416099988,136.4818166476996,No,Ninguna,0
504.8000395132053,4.953689268970671,5.096322914290639,4.980511711745475,5.080843383920221,5.006252054818906,5.098416229324298,128.94366808779245,Si,135,10
495.0312132734888,5.078117215224938,4.982072774214819,5.021213626741125,5.009870092590037,4.945151316288226,4.933100011399448,135.72130403255784,No,Ninguna,0
509.4239859445992,4.919870579617146,4.903938872450016,4.915508665164278,4.952277858520022,5.058601661636304,5.041608317870117,136.93353932376218,No,Ninguna,0
490.4010105183392,4.980729387317133,4.981613661624948,5.096261421274629,4.904957982206707,5.025250220496655,4.901739664531621,106.87345920283816,Si,111,30
496.13189523001387,5.069940261929636,4.976204131515267,5.041678301872455,4.9002938781885845,4.974580386822422,5.047965344023027,130.53452690060513,Si,90,30
490.6818778442324,5.0961544888446895,4.990149704032081,4.963105082587955,4.917577904479591,5.037554668219156,5.053701454719504,85.89015713637417,Si,111,30
499.852775659574,4.9823267292284354,4.941367914565186,5.011913569530192,5.06797012951736,4.9481315517074,4.976326117412464,115.36154258681853,No,Ninguna,0
505.96771672068894,4.9500214852308275,4.972781814513735,4.9632619856658025,5.050895482084728,5.044248607788416,4.912227019654767,147.17377617416173,Si,90,30
502.4950324524386,5.018273722582725,5.097729707465949,4.909150351402885,4.93569379246494,5.000956646645137,5.071928057971212,104.00628905975177,Si,137.5,30
506.0214098512941,4.985308404752489,5.025693026141012,4.937987578788246,5.0961550340569355,5.035381393413572,4.923172274953437,126.00468263569002,No,Ninguna,0
501.5054917976852,5.097285454785732,5.046134948888415,5.082167684050522,4.934254725479472,4.9494146860787795,4.9835060942286615,124.12532403277879,Si,143,30
508.1713251490678,5.031930882789288,5.040801577467382,4.969577701818925,4.998909565781645,4.964790465816788,4.976241319368001,132.9359532564779,No,Ninguna,0
505.29194188203473,5.043287094684574,5.035626380423329,5.096291316287095,5.085071279102577,5.055801748955514,5.052126574761209,95.75166340686611,Si,30,70
500.566584090726,4.923554852430859,4.902066233293186,4.954014801610074,4.914197375804429,4.951967941689404,4.900597019185646,129.46012898230921,Si,135,50
495.32647066005086,4.926088978351233,4.9518343143415935,4.95298531239879,5.026764680886847,4.938855947598411,4.915043163327675,84.78651215480633,Si,143,70
509.2269652652199,4.9567142592462385,5.04729214992951,5.049625288745601,5.037939325785621,5.03374625715133,5.020166919997878,90.63202663974646,No,Ninguna,0
509.2707516045375,5.035094267264435,4.99464371047236,4.972818247105536,5.09447988442804,5.091738998049534,5.006318876525054,113.92452324023677,No,Ninguna,0
493.52061718082547,4.91964231673691,4.913437407909152,5.030083985605152,5.019157100189552,4.9944627291643835,4.938897969522289,130.1875602303299,Si,92.5,70
503.61555596981634,5.060832777611739,4.914652410326035,5.049001369195617,5.087589467001467,4.950421909617657,5.02003787918522,89.30213257576277,Si,143,10
490.9705293685712,4.941065859641677,5.005698202324481,4.942385854426136,4.985525188327386,4.951043138051788,5.035483982580203,115.04868868291524,No,Ninguna,0
491.1421715492463,4.904155637924543,5.072737604580858,5.0843952152915435,5.081935980442187,5.011163481372549,5.041774774393909,80.50715568180016,Si,90,10
493.34822020641747,4.924601777091784,5.006199328666273,4.9565202146129055,4.915810364029406,4.931445113393722,4.975465879214595,90.04311340418693,No,Ninguna,0
502.8699053079652,5.023899695958182,5.0143485759450845,4.926976302334857,5.009870536890659,5.037907585635681,4.96942564515589,130.70064610762026,Si,30,50
506.92151139469513,5.022583697983335,4.940479851771643,5.038236292923646,4.9852340601408685,5.00638400806071,5.032473760851912,118.08230074281359,No,Ninguna,0
503.1904982261811,4.992752296398554,5.067330576997388,5.024300413445018,4.900915274867008,4.930988523339754,5.023862961073548,133.03893903955895,Si,143,50
507.9870310617324,5.003896633518211,4.910252783640089,5.027541034685459,4.90115799763166,5.069570187724186,5.037252401591587,105.55387027186151,No,Ninguna,0
497.9462105465605,5.024809663576357,4.925128923503729,5.093838745543213,4.975169504542371,5.030280744548057,4.989712252998192,130.87654893746773,Si,137.5,50
497.3940147483774,4.96978683476026,4.995971502280827,4.944270078427896,4.945650659528519,4.995902679544965,4.9635008412333095,136.094556293179,No,Ninguna,0
504.623051425211,5.09383955572425,5.072407348612232,5.073377640358847,5.050286795079239,5.011335823980963,4.944462725841125,82.4257379673412,No,Ninguna,0
498.59563409261943,4.971204354004333,4.95369779057347,4.957233298045623,5.051367791290113,5.0585511262743115,5.086942274276087,128.61983380229424,No,Ninguna,0
505.4407645722872,5.078365746026865,4.930983653250422,5.011687922384555,5.055700899919815,5.074233828572701,5.022098540084008,123.31660251841149,Si,111,10
495.7787084651566,4.901681328875746,4.933582727025108,5.028541905831428,5.056210283191273,5.0645186622893315,5.030627928372322,120.59429514855164,Si,30,70
503.73347220386165,13.306084389642397,5.069007764333677,4.903237885998468,5.090459513812678,5.047959066172107,5.033471206833447,81.63637294679307,No,Ninguna,0
493.27198644893423,4.937061624546354,4.901706548728331,5.087609911535007,4.901801858166635,4.998926093627389,5.077668004237974,90.42298300374513,Si,135,50
502.7264480927381,5.057041803942512,5.006020268441829,4.936686392665719,4.925236828430726,5.02964927673595,4.934835278143733,87.14927690678584,Si,90,30
497.54381169390126,5.070133231493991,5.0768973812725005,5.038083008087457,5.031417058507388,4.957567396127382,4.917870940083758,134.27384389893808,No,Ninguna,0
500.9176750913882,5.01775760917139,5.047952998838848,4.911769769405763,5.0367774019634535,5.053662069184676,5.088504352021469,105.07795797986299,Si,137.5,10
491.32536524261906,4.935914630133524,5.063674336996849,5.047499330277559,4.986096391373265,4.989146026272352,4.985900678616308,125.06997810209793,Si,137.5,10
500.4850252304366,5.016945381062951,5.031280204208213,4.903897334828275,5.089009318550364,4.989890433024593,5.027148972630715,91.42677997569669,No,Ninguna,0
508.4120517460509,5.035019728046111,4.976885845182036,5.032165043842206,4.961648336127415,5.014572849411116,4.905636256146124,105.06533439872851,Si,90,10
491.88064073742777,4.935105008191588,4.972182651525336,5.009953000598888,4.967442328616175,5.077990516681894,4.948846685685158,124.02733118700313,Si,143,50
493.20990733642327,4.944553299595339,4.966080858157981,5.003670439721642,5.001954373391341,4.977665512950906,4.979981966202927,91.88364824304472,No,Ninguna,0
501.07715692115954,5.079958167784759,5.068902965566035,4.959968821499286,5.084309896451737,4.945148318792775,5.062125315930636,114.69615021135778,Si,137.5,70
499.5499395213793,4.96954817912508,4.917361534586542,4.962408564392658,5.036438274099865,5.070441499945,4.962666743238207,124.76217392253056,No,Ninguna,0
494.6942902040453,4.917624323203279,4.993123573399597,5.00811347009791,5.099661431989078,4.948335576440084,4.988070149386751,147.67727359624962,Si,92.5,30
493.8578849248673,4.996367005359789,4.965088153839274,5.02308522066727,4.94191927088893,5.064794799326925,4.961272555238545,139.87619468284342,No,Ninguna,0
506.033177291284,4.998836955704424,5.064519422708764,4.900348997854183,4.9088178575654515,4.901715693206505,4.929689607964126,102.01853395668724,Si,135,70
502.32471968150736,4.916426421501189,5.044540049673247,5.061289607795879,5.066337271256604,5.046609400256182,4.912060616493553,85.46432277329478,No,Ninguna,0
501.7489325932331,5.0985139288087336,5.034330947482255,5.093982358554255,4.914441436268988,5.075514002441255,4.923455239705322,141.67965199192585,Si,137.5,30
494.6718671148164,4.99705197953375,5.084628754004947,5.028811425051525,5.003917554621181,5.055326338000901,5.009712089735414,91.84101243903308,Si,137.5,10
490.2238297616579,5.017363119583104,4.984646775460669,5.096509424245523,5.010720858535783,5.002468363448625,4.917990577799784,127.54987388308541,Si,135,30
500.15264670399364,4.953615495877618,5.050236107628543,5.021571876960865,5.014912943499991,5.090890535539452,4.924455752336148,98.04005731595211,No,Ninguna,0
501.2794081319721,5.020290195676202,4.97378162580533,4.925471263328417,5.082622812403086,4.917581252103224,5.006722067769887,88.11395422713734,Si,111,70
492.7224042396301,4.9192501721852775,4.9079548879865715,4.922677094234585,4.936803251384604,5.040222795768521,5.0590050921488325,121.7961463267619,Si,111,10
497.79129093151073,4.999398596131664,4.931983311790319,4.971238158366959,5.058148575178836,4.98735221328887,4.901278855344019,80.9050551326621,Si,111,50
499.925304480775,4.909273452342993,5.010609385227885,5.037612323110777,4.974231615880701,5.033507534436997,5.018150955135656,95.29100766923757,Si,135,50
500.2180945904373,4.920884059181303,5.073769881560745,5.065827223173278,5.021173700243839,4.983716761538302,5.036452720996308,92.89546351947843,Si,90,70
499.57450901779373,5.063360789324086,4.916057126160472,4.951465885109259,4.902722471259594,4.996794047873809,5.0502049249533005,91.55070744981955,Si,143,10
508.60712198775553,5.002200474910488,5.071792996014294,5.005227987377764,5.034659834903067,4.945781104075488,4.955277015378354,85.68518007844887,No,Ninguna,0
490.46443653373956,4.99593811006319,4.9737202993586,4.982791248895878,5.054254447245013,5.0021636087845724,4.983372288065161,80.8981714230667,Si,90,30
502.172253793224,4.99442841035079,5.019712785523503,4.9773502248724055,5.036362072726393,5.007796033982858,5.002806899424166,146.64704958548867,No,Ninguna,0
502.01036154031476,5.007201171438621,4.995483034005347,4.9638863251542995,5.092217584176244,5.074252785006893,4.940254781685989,91.04810882331465,Si,143,10
490.74866238370277,5.055765119287027,5.067504729555317,5.021912602417766,5.041348178840277,4.976154298253558,4.93856993187972,147.7097488438725,Si,135,70
506.85021207294983,5.028937070354891,4.909253187691971,4.967762268408138,5.036716315250609,5.0523979521934885,5.062785572759423,99.28395193655288,Si,137.5,10
498.88548345860517,4.965645438233824,4.957992411716633,5.026000626217543,4.953524152959989,4.915119661184432,5.008009459625805,100.58228068936783,Si,92.5,30
502.81369262610514,4.979662769294204,4.929249321814734,4.964066016415304,4.97230838900346,4.925301395941146,4.975939219108447,109.89745030872382,Si,111,50
499.2806213258807,4.972924438176573,4.909556511976556,4.968365687959052,4.947999654429841,5.0032444553459126,5.023804552659519,149.13679140768852,No,Ninguna,0
499.532902430728,5.093661714619989,5.009292925164611,4.962467157893507,5.042136670404803,5.035660799223882,5.072568432326579,121.6156055634113,Si,135,70
494.1444891612326,4.953358243548876,4.969014550296234,5.076458020576825,4.94961730076065,5.089944166213446,5.0638683051247675,83.26583841747082,No,Ninguna,0
507.3287333422534,5.0344359698373085,5.000955488235814,5.07538075332167,5.032918324694969,5.011827465475421,4.950802244737044,146.90104728363355,Si,92.5,30
499.6562654100233,4.942821001918322,5.090258306696032,5.080788672581479,4.954618530525086,5.046860647512159,5.0590854733067445,114.35067662054436,Si,30,30
493.74546688275177,4.932963900965095,4.988602345507338,5.036682268787853,5.091489013927024,4.922968259001202,5.032654751006522,83.45352626685336,Si,30,70
497.52739214705366,5.047116739524662,5.0947300947280185,4.91538983279959,5.088173316132405,4.994093811159739,5.061297062024939,123.7437983106547,Si,111,10
498.4764769681109,4.99466754306915,4.966756328302097,5.049511166778484,4.911482278467692,4.930933322010778,5.011243815268987,83.69339806083207,Si,30,10
509.80952614931374,5.068226802787525,5.022736893191232,5.040424892426577,5.05618332924888,5.033566052567081,5.08016678882904,103.80171181480492,Si,92.5,10
491.19993215203,4.996381738493668,5.068352029857216,5.031812804884216,5.056206721489339,4.968685446645138,5.06086419142897,115.36100545280638,Si,30,70
501.64683710278626,4.937795565899988,4.967096060773472,4.9038758209347995,4.925756263387785,4.914883304430936,4.974859655354585,119.81416434176883,Si,137.5,50
496.05345052713386,5.076896499495344,4.950222159791524,5.096888233441051,5.0383241940541215,5.0782529427386995,5.0276553667787995,105.3048043844008,Si,143,50
502.6633822895859,5.026726994560968,5.055513966498652,4.961298411414389,5.074869861593973,5.062988254916074,4.920028519843079,126.26615670466633,Si,90,70
509.88631150151775,4.9974602680634765,5.035569938791949,4.952463033668384,4.993749213310931,4.912293476984962,5.075180782469133,102.415249523514,No,Ninguna,0
503.1295283382383,5.0025073870835355,4.90080062443943,4.923789212452784,4.936202913175566,5.048508822453856,4.925342213564644,123.40328264367591,No,Ninguna,0
496.89222915090363,5.007993485893548,4.925350705760443,4.982982379043506,5.004693519182438,5.039794982567073,4.916906310315396,123.40227370460849,Si,135,50
503.4397253678382,4.9232719250773185,4.986580101422043,4.962231405216787,4.949701027078601,5.0811043439714725,4.914222625103908,124.15634830461633,Si,111,30
499.42423389961476,4.9261047237004,4.952496821472243,4.947824622772459,4.957554682053545,5.069132904590288,5.038446692295937,141.3412317098783,No,Ninguna,0
499.4042187737713,5.021106857935593,4.9161125073542795,5.0072499337931164,5.0300897934722695,5.095989593588974,4.960181749234452,104.48835419396312,Si,92.5,10
498.5449713265984,4.929885368871004,5.080317370581612,4.919084569951597,4.980428211862299,5.055737705297342,4.9122154630753645,97.89345597740508,Si,30,10
506.11623659414835,5.092300818302009,5.046790328091169,4.9181312598483515,4.955044352896405,4.9942009075446,5.087366562819891,108.59168135192462,Si,111,30
496.03501162126423,4.972105461838513,5.061566898383975,5.016869722421207,5.014135844982999,5.0691236047598345,5.0396614909748365,140.6465553855091,No,Ninguna,0
509.6438622925901,5.035525568406603,5.007945355070484,5.032981746451569,4.979423642984455,4.930216176711491,4.970108305862241,126.72381154065981,Si,30,30
507.92831972375126,4.9917868617799455,4.997837511934644,4.954040234894155,5.061938589121357,4.992539788900683,5.066607278356926,102.42703672643185,Si,135,70
503.48355474539443,4.901201064141778,4.919584526293548,5.004990004716835,4.969087123390069,4.969265757539906,4.927125850407621,108.33675037957892,Si,137.5,50
501.5305702199074,5.0174543553835,4.982185981616158,5.058406991637425,5.091508488574681,5.051853927158731,4.969837105607799,86.93957680345646,No,Ninguna,0
490.7678731603643,5.063236138977307,5.002738154112627,5.060011728139313,5.052992932179882,4.922956961311092,5.071427586617762,107.24942184756043,Si,111,70
495.3446741629411,4.914627412529862,4.941995486836307,5.055117950160919,5.016126565870332,5.095696947766814,5.085499253209569,113.93347987264104,Si,111,30
493.69486449970714,5.028988110482384,4.916815415537837,4.924202305634231,4.940676160050318,5.0751184107305285,5.084920121207321,122.3323372434231,Si,30,50
502.1704979245381,4.963132019909276,5.086828756328881,5.02445637801365,4.910896083606174,5.05711504325706,4.949351240058661,146.3086542411865,No,Ninguna,0
495.50511542924346,5.08437167687611,5.095512451814388,4.909617892518992,4.9655917222743415,4.941335715397469,5.061957214958355,94.63932756574616,Si,90,30
493.75816810688207,4.9259185570508865,5.031742762997777,4.9109717854063755,4.9181518005695,4.923438412673576,5.040499925837264,107.92216180211443,Si,92.5,70
495.8826454387877,4.967505967506916,5.098722228599511,5.067918615968658,4.92714811293123,4.96230330776016,5.032585228542376,123.56586281921452,Si,143,50
493.550692931242,4.997361285767064,4.9672405587998325,4.950300638465933,4.9105535057654865,5.01706320384304,4.9646631915991675,144.59492350399557,Si,30,30
500.91000104871796,5.02411315596049,4.920911448842116,4.982589556673211,5.077896463937238,5.028923586252768,5.012815596991657,118.03294220512802,Si,111,10
507.3123617353357,4.937122150285317,4.957762770573505,5.0361253700872695,5.063235286064318,5.027586045341575,4.91892700726904,123.89058584676745,Si,92.5,30
504.3236795128203,4.9879887838214945,4.925227360030469,4.9758622072393885,5.026912382372583,4.94262357480855,5.033885484509544,105.82699725445184,No,Ninguna,0
506.86534033414046,5.054241215007267,5.094083939290188,4.973712215326447,5.081165858163965,5.029300799330761,5.052393140660264,126.64674113205717,Si,143,50
507.68375958315687,5.0394362592505235,4.945940364651777,5.0647076148097545,5.097417224338221,5.019529586655501,4.992247347801237,118.05954252239539,Si,90,50
497.14987880053314,5.071949222495337,5.055140884025419,4.930390268229167,5.092641704494151,5.03445596102782,4.958351384176046,117.47262388823606,Si,135,70
497.4151930055665,4.923086945885785,5.067878199755122,5.067915942976746,4.961722135200649,4.99849955570093,5.00388017632613,120.49209099180337,No,Ninguna,0
498.86610013485654,5.088241187251117,4.920681263605208,4.985139178883254,5.063135396257266,5.070872396870189,4.9466193967967165,134.8388158148071,No,Ninguna,0
493.4843624207771,5.018965809564424,4.942421356512451,4.991715290118585,5.058891734781265,5.001057571607532,5.054814335988799,131.32583209039637,Si,143,10
491.0346598075176,4.91956590968244,4.9150088489240735,4.902618788882057,4.993204232300953,4.973949170078982,4.99598009050446,119.91153392205703,Si,143,70
507.0504421354446,5.054879811461506,4.996278119454115,5.095363973016148,4.974047880139668,5.0465922279586675,5.0927211135155055,109.30878897850698,Si,111,10
499.88009144499506,5.096108936216491,4.978089571194249,5.070159236688335,5.014547191113453,5.03506109164145,4.953547743325972,85.02031373245472,No,Ninguna,0
503.6765075863013,5.067585211880383,5.006700673975984,5.051829275559168,5.080195271433435,5.001077854340193,5.0053242720525715,144.382186562512,No,Ninguna,0
493.1331371385165,4.930885181996237,4.931797045344365,4.9789622888917595,5.038944887357235,4.981624517694277,4.918748847256037,141.57914036465502,Si,90,70
497.9298419423073,4.931933120161122,5.029575469657741,4.991275750678796,4.912384360245502,5.0194087826332385,5.022259395576981,106.30853526939342,Si,143,70
506.2878502208362,5.058039961490269,4.93388868037709,5.0610678705686265,4.976476193826123,5.027739382297256,5.007176625124362,129.89448523034656,Si,137.5,10
490.0857157728198,4.916312773748834,5.041849632898997,5.000165716153409,5.073220954365773,5.072641243645471,5.085792203098097,141.5148038178703,Si,30,30
495.2776111781177,4.956626237192809,5.017165955441489,5.083332169290545,5.089755855079204,4.941446098554656,4.982913169233519,102.28882179354893,Si,111,50
490.3221450788857,5.041875361854483,4.962575748034605,5.002078319032075,4.941945038683603,5.03906906681144,5.061794107093515,113.19782310243639,Si,135,50
495.7181303879006,4.9581589776707204,4.9749938842598995,4.900324358654874,4.965891447631937,5.0636669205021345,5.064618507400093,129.92160927994917,Si,90,70
492.56742717086706,4.954092392306938,5.056809325153024,4.924603096410598,5.099324532571868,4.966753360182796,5.063808742854915,90.09731406228386,Si,92.5,70
493.0683268671365,4.990549799279659,5.087977070791347,4.94535441133125,5.008433445047781,5.057664324510465,5.05359331545471,133.02752949642786,No,Ninguna,0
497.3080455360073,4.983504833435515,5.024817445663193,4.918841360705542,4.9593269904948185,4.982913478506106,5.099503013043545,105.43607369998078,No,Ninguna,0
497.11173195354746,5.065797942481133,4.937668698687248,5.055791608303802,5.011532882506989,5.058607411841882,4.983418147616819,93.24091856490264,No,Ninguna,0
508.3689803150594,4.931788789308371,5.050689324313916,5.06757242685253,4.988639081419282,5.006095032575111,4.962762518522934,84.70867167931188,Si,143,50
502.78648426546704,5.010720208998004,4.914642078079801,5.036961645543824,5.021532836002368,4.983457621012149,5.0627237496087405,130.0400190096113,Si,137.5,10
508.6063452541279,5.014365456930294,4.970502137480097,5.091618112525555,5.0117652322779085,4.968129644447661,5.053405343948136,110.5917215602751,No,Ninguna,0
507.18744464955694,4.956918179048708,5.003635533605715,4.942234320850217,4.994395332122648,4.95161956057733,4.957315971981438,130.3435710261085,No,Ninguna,0
492.6253233204659,4.939430434807758,5.0094024884057,5.0056074268058,5.054999431631426,4.948026349487943,5.048803730048524,100.3517999408076,Si,90,10
505.19561245175447,5.035969165057399,4.922313095412115,5.018442939074363,4.932963779542728,4.959058286688008,5.097253256849037,109.6380024432187,Si,30,50
494.8164901797471,4.987054594532165,5.00518146889734,4.98705533525233,4.90809820384632,4.902740676907736,5.097290597426115,92.84210877609645,Si,111,30
502.7218479186638,4.931170969952989,4.962269392980519,5.085298154086316,5.054453739739617,4.980270575490043,5.031210436300278,85.9317088489953,Si,143,10
491.7150804666192,5.009553227041088,4.956069632214587,4.997442532890028,5.043344681554578,5.036160971113193,4.924675696658401,100.33831501129042,Si,90,10
494.8734340822338,5.061703713023073,4.907928645897228,5.081434476374619,4.933071867980961,5.080010011225277,5.052145505187426,94.37432707463996,Si,92.5,30
509.67715138055496,5.026893970398946,4.913498828013474,5.096436755911692,5.071730854204772,4.901974418161733,5.020236781791173,98.02445728059,Si,135,70
509.35784773181814,5.017074080549272,5.041511089990939,5.006401195120962,4.963239451303122,4.926528313458809,4.982219292955159,80.03723638945883,Si,111,30
502.2794085880524,4.981079301922537,5.0093900452144755,5.0738140903245,4.910707701628463,4.998141292440659,4.978672306101637,129.46543361201776,Si,135,50
494.73257708390173,4.981376741722365,4.9337604540838536,4.968611864216305,4.935071376120926,5.041739053088705,4.908421821177225,110.67046337160478,Si,143,30
491.8642597925272,4.91142164238105,5.060515498092484,4.992610811996154,5.046380538323719,4.939810727663453,5.007411680702326,116.59336971619294,No,Ninguna,0
497.2044229489396,5.007305828770862,4.912767172907281,4.991805105436727,4.995334436627164,5.0375948545113935,5.041520686408044,98.31936532719911,Si,135,50
490.91447112707175,5.052402058171829,5.051065904083482,4.901390935996639,4.906038983345563,5.036873643476499,5.006536334449908,82.96065217560266,Si,92.5,50
497.6050260600438,5.094671532411596,5.0945481274505395,5.015414989282222,5.000955417608085,5.095003586458348,5.0729527218790595,108.09540681954944,No,Ninguna,0
492.2764254987677,5.015592563704355,4.983222534856669,5.004015724493974,4.99932215388081,5.012362415599114,4.967750303306275,143.4530641030542,Si,90,30
503.42893953536884,5.028984942334722,4.90462023311822,4.902621780719191,4.974088857119525,5.033418198553803,5.053779897541298,94.73957687630514,No,Ninguna,0
508.4013917024468,4.900465614855039,5.069702249470692,4.985970533392416,5.010411825001707,4.939731016115433,5.02326169279591,84.45530669346505,Si,135,10
508.8331648631806,4.9559596633377225,5.092989741349425,5.045378198434327,5.053401753743266,5.069245121638589,5.028901344369953,132.0697481664799,Si,111,30
498.0039733412592,5.081227080448738,4.9021248500069445,5.081953055885563,5.043229450687488,4.961622814800774,5.031258936404056,84.1813380260559,No,Ninguna,0
495.55778272321777,4.925257304538379,5.0592876392048405,4.918810587894217,4.9434689973164865,5.00801294153058,4.983916856582994,128.50018614967158,Si,137.5,70
494.07349790975854,5.063124886207705,4.955981836262834,4.923146905213268,4.969077628309731,4.9330560585693854,5.08427156973291,125.19845667878275,No,Ninguna,0
496.13687772959594,4.943139978064494,5.070092746593662,5.076293773413582,5.089217476222953,5.008307245249331,5.046145049143328,143.46764507459454,No,Ninguna,0
491.1917693113072,5.060939432912354,4.980056085945675,5.099889421873115,4.931376768330733,5.05063659923805,5.0086654362016105,147.24072981217512,No,Ninguna,0
509.6102894731369,4.981174435178377,5.049574956834615,5.094541634381974,5.055483033698176,5.045287319621537,5.085031884865135,99.51704707092304,No,Ninguna,0
499.6642422440489,4.9195073240817635,4.986485145593266,4.955922217548034,5.047143200136836,5.028883670407634,5.0420706938416595,132.6902773068179,Si,143,70
499.07751545937344,4.972423969087495,5.019807855463465,4.964752534499783,5.000030468218431,5.028654491051373,4.997393399807472,127.12215136297002,No,Ninguna,0
498.33174357989395,5.0932113633471685,5.081429746895456,4.974460127342789,5.024055852969233,4.959588632360629,4.987826277291543,125.37264098751658,No,Ninguna,0
496.9146009122638,5.04022801602982,4.986818520511137,4.901014786124139,4.932323366793558,5.0839199661000904,4.9155528665066885,115.28961302477595,No,Ninguna,0
506.7349583552005,4.971922933209001,5.096427552218918,4.913897666263233,4.991521683091275,5.000642090674936,4.982465689187979,104.75271966277397,Si,111,10
500.2413333489659,4.956999015820653,4.993339515152495,5.024432156887945,5.043976681108802,4.93441886523799,4.974720548732374,107.8205570157294,Si,143,30
493.2865571530302,5.077159719855379,5.0885773924918025,5.025049769395739,4.99124163444786,4.926935404647545,4.999325789455248,123.96239970262218,Si,111,30
507.1740391043743,5.06772022836774,4.959551892905813,5.093059547881448,4.9659313961747795,4.944279123291313,5.038525012367538,92.04065528003474,Si,90,10
509.5408139183383,5.014975178448037,5.081337816184653,5.092175360169277,5.0034310172104135,5.037449336396943,4.942678286390158,98.69594537036352,Si,135,10
504.324865881145,5.0226227634821345,5.040509683680819,4.950176853591854,5.0008663203140955,4.991529323894004,4.945869966089776,86.39087851746336,Si,90,70
506.99754268682636,4.934115763968723,4.991808657593429,4.987456027016567,4.911589687734146,5.0349206082941045,5.055128274540532,101.24467459101633,Si,137.5,30
506.97498844316857,4.90508033141433,4.913034916215107,4.982679187884607,5.041020225148931,4.941877441956091,4.990889544604791,81.41726906368335,Si,30,50
493.9987962026808,4.924654299666951,4.913597513568385,4.979307423522989,4.9714127119769795,4.940879475148902,4.983345472987963,84.48158993964053,Si,90,10
497.0731727425347,4.9528536967219265,5.099533898158767,4.9573726683102795,5.066576629139045,5.0752868900494335,5.090447266038098,140.3513076462464,Si,30,10
498.0238026092456,5.031816802101347,5.039074052000765,4.977870593950053,4.906236051083903,4.939262459778738,4.903373584988934,103.51761102067114,Si,111,50
493.1651333726799,5.0580588495122765,4.902855663239797,5.016311336039755,4.914719833929093,5.064766269080949,4.947675227943522,92.20378487505339,No,Ninguna,0
502.27831735986683,4.917766992742531,5.083697872229945,4.938576526743636,4.967252627295863,5.077433262874075,4.957444002353571,129.60060739899038,Si,92.5,30
498.49452906186804,4.960094815185585,5.060851979586438,5.09900918442108,5.068450917691047,5.000244635670119,5.076160364770358,135.39446253610436,No,Ninguna,0
502.1920044507142,5.006541810407631,4.959207208436918,4.992816054145726,5.081592504572635,5.046457728513167,4.934668778891594,83.27104141542128,Si,135,10
499.1070934865236,5.080275708930494,5.037413513179858,4.980147474422242,4.932378932006214,5.080057032510423,5.096647681904699,129.64516761401651,No,Ninguna,0
499.1683670898267,5.027379578602265,5.07777271828622,5.030787215055896,5.072423967341147,5.0718026223048,5.005224548373178,143.14463775652098,No,Ninguna,0
508.1386466830963,4.9480037869981945,5.0925171381934495,4.94161105535598,4.961466742010527,4.900216438204135,4.989043624838776,91.85728159566828,Si,92.5,30
491.30575552259467,4.958830323557961,5.092924060655188,4.906505519028801,5.0365317968868535,4.934366076951391,5.072472475200147,147.12528516883236,Si,135,70
508.28583299117014,5.007502387108393,5.061500981342297,4.929425547394677,4.920262713419277,4.946804529582996,5.067551911481651,94.71072641771613,Si,137.5,70
505.77972296523103,5.05623043880749,4.930714829719845,5.059448734914959,4.977127799586356,5.068805756082599,4.991448861785944,137.29565776521127,Si,92.5,70
494.3560705239245,5.026239046737851,4.928028992323401,5.038418327501963,4.934755748333898,5.057524508186693,5.098125816682383,139.9964000512739,Si,30,10
490.52988116284547,4.936813512579504,4.9430934815908225,4.955217949693599,5.090292294637148,4.917636239281615,4.992785006397797,135.97262578950347,Si,30,30
492.606242186442,5.012765866453928,5.037789770344872,5.033445103022599,5.037727203133288,5.031256073376675,5.036954793826942,129.31748087686773,No,Ninguna,0
502.4929570485251,5.061410337828942,5.054263603568297,5.053659359408833,5.064220774662097,5.047033147279568,4.9116002894770485,111.31755029805885,Si,111,10
495.17402999534715,4.9002789040848755,4.9254071396451415,5.050430491614089,4.962794800053355,5.030519424668057,5.060446096103708,143.67651636427834,No,Ninguna,0
508.3428576667161,5.098783234298974,4.96907839582213,4.961971001305303,4.94375734619803,4.902250034069623,5.07741727907321,119.66025697613794,Si,90,30
506.07776313774247,4.9111652448967975,4.969183762607024,4.976283427324389,4.958572901018624,4.980281453505547,5.070012770788538,139.27993553200568,Si,143,10
509.2376430138941,5.009370710730897,5.070955819708317,4.961587492252827,5.062309147998833,5.075700713323126,4.968355535094427,88.32771652739518,Si,92.5,70
509.2164248617238,4.927353115573299,5.056021338259708,4.9826280712324715,4.949694475603297,5.016936918446886,5.044914668233027,143.48607921690495,Si,92.5,70
506.21088086573855,4.991380351238689,5.0407471539457545,5.054434114448981,4.933692187368971,5.072836107374181,4.992968805908071,95.38076775893212,No,Ninguna,0
501.2694791401726,4.922501782786084,5.0274011747797305,4.962846300492017,4.969278842409484,4.983431167271355,4.998780736464018,100.43850893810023,Si,90,10
507.0960515745056,5.017296863203857,4.973456897604569,4.905407265029108,4.986585706661732,5.092006415705441,4.934795969300833,133.9115344538161,Si,92.5,10
490.2838120501728,5.025565950151891,5.098440720114539,4.958107790952048,4.967648909311721,4.943954570200212,5.048556389790507,112.35383659237962,Si,137.5,10
498.7578592441835,5.03339627952842,5.054349121581284,5.097016699078723,4.9721953221924355,4.983529585841271,4.996725673267704,123.78885814516434,Si,90,70
509.6068550656189,4.997725053117517,5.024690369075064,5.008706284091315,5.0656969150169715,4.975511914681039,5.044030076020211,127.0723850406753,Si,30,30
492.0686561533696,5.013984690345142,4.910844718746283,5.084125691127873,4.940005949428975,5.059992731720362,4.931168735799766,138.71204709190678,Si,137.5,30
505.40686648308883,4.901051091571009,5.078946079295328,4.919230047055355,4.980360958548638,4.9779340187669625,5.010225399100937,104.90572871364812,No,Ninguna,0
508.3083293019951,4.951002530633516,5.016189815826515,4.964725088306462,4.9559709711020234,4.972852390417704,5.082240560717982,110.30263725079996,No,Ninguna,0
490.6150575243133,5.003709249020561,5.097128443624647,4.989237486593541,4.982094585087863,5.0422202120842545,5.02210677960405,86.30739300805038,Si,137.5,70
509.5633431002936,4.934425020994132,5.000118148848871,5.054718709129444,4.933636146466006,5.043776514929442,5.075303375803449,116.11615170085673,No,Ninguna,0
498.36855161008623,5.047108614299572,4.928170889572026,4.912293527274124,4.976092322882481,5.048835621960439,5.050866354057752,147.01567209975173,Si,92.5,70
492.265294046305,4.995205525714734,4.973707583857781,5.062111179007636,4.9869630780932,5.011796814047335,5.046041135509738,86.25465726020188,No,Ninguna,0
493.23594000339176,5.055698508050096,5.072238871585679,4.90664602914006,5.084619746621897,5.025571562921236,4.904903349017939,127.2408429109889,Si,30,30
506.28717145294274,4.973704087790664,5.081610424302449,5.0873770004583765,4.938210663026253,4.962609052421715,5.095502069454336,89.38664634812811,No,Ninguna,0
498.4954817261296,5.087521894076388,5.045103288087946,5.009676598384994,4.923894336731373,5.026865118963183,4.987957508688599,140.17368222190314,No,Ninguna,0
499.6576133756871,5.025818440429346,4.989746745197872,4.911709332999517,4.92990884131142,5.010373522561012,4.986000090392126,111.59934001808716,No,Ninguna,0
495.7576510405384,4.91035189325928,4.9394094688492105,5.024146985088117,4.914667031951436,4.952974659253864,4.949264980628041,96.87823074691465,No,Ninguna,0
503.5364224900641,4.999277960512425,4.954166031780584,4.993737464204087,5.073861287127084,4.989082981310942,4.9612442219900625,123.77332317536033,No,Ninguna,0
494.99752788858177,5.0391590815343665,5.084052098912467,5.093912840502342,5.09936938402377,4.951696076842267,4.938407887252985,119.57780330770518,Si,30,30
490.93197212460836,4.924573131001491,4.914474345353251,5.001955304752457,4.905328576699803,4.927402968576875,5.01479333460085,116.16634779815224,No,Ninguna,0
498.0925680388419,4.909732806601743,5.051688069637524,4.943391167997848,4.995487910136192,5.080068489124982,4.966177482447972,143.94448986424908,No,Ninguna,0
491.2394500967571,4.904075974367804,5.077640053517676,5.047880183820983,4.945482491527818,4.98346734809146,5.0465479346613735,99.63191507428847,No,Ninguna,0
494.2132262431042,5.096732049473341,5.082981485881689,4.910589319410061,5.057933997907109,4.936250987005996,5.044919045029904,136.78972627635537,Si,143,10
495.07166119714725,4.9388321025164394,5.064054700178018,5.066865590394802,4.905197476897996,5.011463206835485,4.996987746493262,123.6327076313766,No,Ninguna,0
504.2223371532766,4.907695039771242,5.081056294729963,4.911891352292343,4.958582994054791,5.087514528661531,4.91615604892071,90.56706833652493,No,Ninguna,0
504.63761581485306,4.958031462798729,5.05669309664125,4.933804093503322,4.956797286006974,4.911730839343455,4.96700089677711,126.39385258457013,Si,30,10
493.06298894635256,4.909009574705685,4.964700124143299,4.971075268217926,5.009994411635973,4.9572910589716,5.068311408671845,111.6952945268001,No,Ninguna,0
504.7463712652945,4.9266328667144,5.055664331498491,4.975448383343519,4.927844371866022,4.956039775596229,4.928849020122474,99.55735383691523,Si,111,50
497.900221093084,4.920102167140486,5.006657757792027,4.9491306916168725,4.957767131091732,4.977962708045283,4.978097301698139,133.90599305354252,Si,111,30
497.2597279340514,5.011831817058714,5.0580703472666695,4.959383404367619,4.981377951947794,4.985555683483263,5.094202940010716,113.10557422841734,Si,137.5,30
502.0244769779472,5.021862487133035,5.062535955982276,4.974513775248673,5.05470517731568,5.036704614202811,5.059976869020586,117.98933393455498,No,Ninguna,0
509.70171020547076,5.065631989566639,4.976906574476607,4.959333705617138,4.912699581226764,4.994578387090246,5.089917467605036,126.94626682887203,Si,111,10
505.3689827695896,5.010650323298806,4.969189159476756,5.07101710237924,4.9483549648500675,5.027635944187327,5.057650711885517,115.64457396938072,Si,137.5,10
504.9392142667277,4.918824097295691,4.930656194613313,4.966031282446781,4.998873973697117,5.078675598350746,4.920915555810626,93.20521542526369,Si,137.5,50
500.4278680787349,4.9114382898656315,5.015226509565613,4.9097163722127695,4.945938166174737,5.090467612563139,5.075990286789659,122.44979353840984,No,Ninguna,0
494.4798472680189,5.046422320203869,5.038183508307711,4.921889853140961,5.024276197714389,5.029449283422983,4.9833401038503995,127.88804971379764,Si,143,30
505.28566134015404,5.074419453396018,4.906804571474715,4.970622121823354,4.971981554567089,5.076307972731519,4.9394915706238365,87.67292751372501,Si,30,70
508.9829467483776,4.900524491098451,4.949584130633294,5.019067119265183,5.007165088873246,4.996558969455221,5.086578776571162,105.4335523672502,No,Ninguna,0
498.06448283007046,5.090046253439229,4.980687163752927,5.089559506026802,4.935466960175626,5.040288058814617,4.959768906561251,115.60752244285466,Si,135,30
506.1895336339651,5.082983429454587,4.901556589770815,4.928818161746764,5.060516162425884,4.938376181005451,5.080691020057775,147.19919576480902,No,Ninguna,0
507.45130108778585,4.931144937223181,5.02416774998207,4.927782706081928,5.077366779849155,5.013764487555386,5.0693554381130514,110.69471751978075,Si,143,50
492.7986475292338,5.0578748662241315,5.068442861768555,4.9617361923113625,4.906854639656934,4.9057246300388595,4.968506268218006,99.90634849736114,Si,143,30
490.1475252763436,4.964510129039674,4.953553327072641,4.9386178891960935,4.922661887035867,4.967418544622139,4.985623213021928,129.34997766194064,Si,30,10
492.9111899000222,4.999670957544006,4.92283187794598,5.060216945132315,5.05761000638849,4.996387136651853,5.076364980530644,131.6769017978883,Si,137.5,70
499.0900936955227,5.05605864672087,4.92677695605888,4.957174568571462,4.958340064625291,5.0724689329087385,4.958216507419279,119.18564917822084,Si,30,30
504.5059736081594,5.075437370428422,4.903355189026779,5.06791010103726,4.980270801689666,4.937990807096438,5.04409364740614,126.0617793331898,No,Ninguna,0
501.33792528115026,4.92012619949634,5.010838214033128,5.082207013222133,5.071313713776975,5.018368583532452,4.968414597775528,128.2945775939694,No,Ninguna,0
502.8462922706071,4.918729890952076,5.0388545926695345,5.066078232960124,5.008253029664413,5.060304411282692,4.999989385894849,86.87814464275473,Si,111,10
503.62672316454854,5.074614770117849,5.021867281010996,5.004192240049265,5.07436049156605,4.968305758301366,5.049969051334118,130.96877566239726,Si,137.5,30
490.2902383103381,4.94116115616571,5.070078997321574,4.9393702233976455,4.938629359473662,4.983246390448352,4.9435073447606275,127.46542685740027,Si,30,70
498.26748481654624,4.982418122071198,5.038356985741442,5.042843074058382,4.9704264957750155,5.055683414232826,5.0164980418887035,136.44896780306806,No,Ninguna,0
493.1710967059814,4.916409027606075,4.907401075324116,4.90293073758586,5.076933055983419,5.004390058779721,4.975723131270523,143.37988332023252,Si,143,10
490.94024399589506,5.010181295562214,4.978822358142113,4.911226644999576,4.906117628298651,5.03158666418096,4.90291102812984,87.84297482060546,No,Ninguna,0
493.6912285337913,5.060902929214525,4.92085423126426,4.950766004346264,4.9172928955387345,5.039410605466679,5.084293171819707,121.68157674839418,Si,143,30
496.1871044145198,5.059062529292233,4.971609417137896,5.075431625881764,5.085274216848956,4.994306149368999,5.034533453267723,86.57685147412843,Si,143,30
508.44679238911675,4.949167344101826,4.906329656361871,5.081398083245995,5.087336255834726,5.051852513306331,5.075989726933563,109.47614950507224,Si,30,10
506.50936101969216,4.980324318189322,5.026081317757934,4.99107934275336,5.0398637386914515,4.906848213447668,4.993089226083454,84.95191357028818,No,Ninguna,0
492.1645779396943,4.957135170862012,4.9031966447793245,5.040739073961516,5.0204070383870825,5.054146216698233,5.077675289859901,126.00720308480373,Si,90,30
492.33300857331295,4.912462253917287,5.028755924606621,4.996723247354899,5.06106325395809,5.061851427764353,4.958340686759979,113.98035379829261,Si,90,10
495.20485642965025,5.029757804960411,5.096302193884335,4.992175126743107,5.087701639686782,5.076470743898351,5.033532903741746,125.00008182879952,Si,90,10
508.1551397469984,5.0789821834334115,4.991203862244982,4.944763725332321,4.954030633649891,5.07401025386107,5.049884338256815,132.30935580621383,Si,92.5,10
492.16519323135407,5.062431110570185,5.093768377747938,5.044301686862097,4.929812340412801,5.0443136146782726,4.9037304697116735,96.31612383243036,Si,135,30
493.9628370337006,4.924590138862854,4.997843818432294,4.925863792463771,5.069278096177657,4.963417252146544,5.007502544428438,90.3091978548508,Si,111,50
506.1971500553823,5.0525246809348,4.928232362057828,4.974956105304415,5.005628715259055,5.028025959090684,5.046875185108403,110.44676633839063,No,Ninguna,0
504.9657237465333,5.089923375464589,4.9344177864828405,5.084129600156871,4.970206032290318,4.937829535474653,5.056852778517703,99.8451876859645,Si,92.5,10
490.4328478700167,4.927751179421343,5.036239538539502,4.993716361778205,4.930341906300648,5.022304813102959,5.046206634337397,133.51133365770926,Si,135,70
507.8621324603482,4.906689529455651,4.9839308307116665,5.064993337092658,4.957484724266912,4.996404770529507,5.061578963249055,90.5422287994245,Si,111,50
505.12136009328293,4.950259667509174,5.069642964685513,5.043951849504895,4.934216669368762,5.086594358233107,5.055243140697523,142.69514896226752,No,Ninguna,0
490.52420746134254,4.96976317941235,4.990161045669309,5.08661876911741,4.94230988306198,4.934305042186024,5.03032568388979,107.9363379946497,No,Ninguna,0
504.2111256606151,4.940926992996158,5.023921783363288,4.924119158897404,4.966320266430924,5.02262253142228,4.92560052456202,133.07758390798125,No,Ninguna,0
496.0032894565467,5.042835580790709,5.058802072858291,4.940986717452142,4.937757507947729,4.946789407068903,4.9239269796351905,130.47873276687443,No,Ninguna,0
491.7984134313148,4.967356816424406,4.966036743466945,4.956677952603073,5.086755369297155,5.0852020650299545,4.918037930211084,116.2004832941976,No,Ninguna,0
506.11483978397007,5.017780301608487,5.08826058550236,5.085658827179252,5.084907957695277,5.027012344668018,5.010871072763565,83.52065902671649,Si,30,50
507.17462611790114,5.093078643636964,4.975469237983672,4.934819574420092,4.907642637068604,4.956171321789082,4.927943968101238,139.06629302834858,No,Ninguna,0
505.5052920156388,5.002003497211919,5.095335198228371,4.94035388901802,5.056807915373462,4.915876204598026,4.95032532311619,146.1064510477025,No,Ninguna,0
508.90180229413596,5.063761467199155,5.056654413243183,5.074762013974298,5.075994120518605,5.04751191255511,4.95910170026422,121.46404204876154,No,Ninguna,0
500.2888270336283,5.0413742143705935,4.933305432672706,4.932093213451185,5.030711262710031,5.03747669935474,4.952359457803015,146.12841217944583,Si,111,50
503.77297073940247,5.033594503577793,4.987851769815084,4.904093852400968,5.08634306777589,5.012933985054805,4.958062260720982,134.1846870604882,No,Ninguna,0
501.9081129391525,4.987132191528211,4.909544277741114,4.913989667465964,4.968528952481064,4.902377439790954,5.092816889271462,141.1566465083671,Si,137.5,10
493.9974075776712,4.915543480748754,4.972546135435911,4.95422987686407,5.038752010683973,4.996624204424559,5.057756342174528,136.44406411732749,Si,30,50
491.28995086096967,4.928047431410989,4.9223823018765644,4.956138251404741,5.039212583103517,4.957994535870516,4.981530443653984,116.56059608416456,Si,135,70
496.9934546793251,5.0071640812923555,5.00327791853767,5.038568253031706,5.034328272650575,5.049108882331152,4.936930485192014,103.61891157771728,No,Ninguna,0
492.07078468176064,4.989643721522801,4.931106151247865,4.966847508768928,4.987724025843783,5.099178427594428,4.9227520590526455,100.40003640646279,Si,90,50
502.4225574945233,4.959996248068055,4.986891347783689,4.946249200879229,5.065014216478429,5.06488960882077,4.97984075679187,101.30519933003201,Si,92.5,10
491.57323443399144,4.921948140521976,5.095709390803198,4.945082435517637,4.961744746575388,5.0653128361655515,4.948204289307793,81.57712581752071,Si,30,30
509.8551653764143,5.008442677216898,5.027121243478662,5.049152510590338,4.975682070175005,4.9740835126135625,4.9657197277290175,141.894038752134,Si,92.5,50
493.18845666924653,4.9324894104815655,4.998440175857959,5.076086200656383,5.034674024600954,5.005212197792887,5.059985061373783,97.75025866333016,Si,30,50
500.4766744462271,4.974895889974847,4.925971335730646,4.944553026217742,4.957126815179045,4.9387232219824595,5.003436761723226,94.02857632065457,Si,111,50
498.2548468240024,4.909534132938798,5.0399244971814445,4.972278088167426,4.933214705561944,5.072701957028247,5.0587201108161635,138.46493215230498,No,Ninguna,0
498.05457784968564,5.051832868227871,4.982886781024714,4.969169275758534,4.92429311992817,4.90886441063062,4.9973833043858225,99.69695309667131,No,Ninguna,0
491.894781290834,4.921235868554452,5.096486060238607,4.930129490857927,4.91686446577632,4.992487382560594,5.090691388576861,100.50933112113698,Si,111,50
492.12653004443956,5.050260978321931,5.072507696534365,4.952150358813122,5.079218667037574,5.003795804224616,5.065587496764113,148.10825196763028,Si,30,30
503.3451466215853,4.91842055041764,5.014245993112909,4.926303918684001,4.931562850112154,4.975759732710671,4.99624571713275,148.1945077564701,No,Ninguna,0
508.6386943426996,5.03598069346532,5.0061236831624045,5.0541562918173115,5.047685702824343,4.90408809493575,5.018324117479868,89.17035672897272,Si,135,70
500.8298935557274,5.085606709629224,5.047413614977117,4.919565835491077,5.098770696073505,4.9337597169976934,4.929283763155175,143.18249364558997,Si,30,10
492.3143090843959,5.066138271408212,5.042454203069231,5.053618348614065,5.096671096393288,4.933806885515192,5.076294041940795,139.74532359663655,Si,111,50
506.6392982696621,5.000574595435358,4.92219397782937,5.09692362752737,5.080391331589442,5.003042842305105,5.073134945238481,146.77969520914365,No,Ninguna,0
499.406471223419,5.065666994196707,4.961013002640004,5.086368737571654,5.052255631935075,4.901280365720203,5.058862215806169,107.65784425002236,Si,135,30
504.38189802420067,4.907342879021167,5.028686449205028,5.0818553839409795,5.055880416617324,5.036764273018013,4.954301114455865,102.09915689144526,No,Ninguna,0
502.1274443496241,4.970598829487537,5.0569662161694,4.904818501313366,5.042619584017784,4.924897200727942,5.010106797334656,113.33291700799555,No,Ninguna,0
491.1196796543923,4.998523828849359,4.951431875283591,4.9183393271565805,4.9749964181477635,5.078770689402204,4.917569815935258,123.70601292145685,Si,90,50
492.6223583923745,5.057681214187462,4.961367609858239,4.925298877924238,5.032850594118644,5.070075934400012,4.98414069300863,124.29641198335307,No,Ninguna,0
498.99343384544653,5.099997336995261,5.091157038326967,5.036753116593184,4.943701928773779,5.005456878900089,5.0926591410660516,147.76413954784624,No,Ninguna,0
490.6976486757341,4.928500394405616,4.9772768106797605,4.9714012180145115,5.056571837462991,4.922189732913192,5.092709566659884,141.59272771330765,No,Ninguna,0
497.29972730597706,5.083530732462495,5.020619693694253,4.9949183091522595,4.958279844120147,4.915698666963615,5.041713580344776,118.35423029137135,Si,92.5,30
505.005369657035,4.991866479689013,5.014452842657157,4.983970692034215,5.089552110035388,5.068343366128263,5.026116161256399,116.09462628775398,No,Ninguna,0
500.57359724617356,4.985381843282665,5.08445876703074,5.045484034786712,5.054813459292281,5.0002204745018455,4.904587160221493,136.84264722308117,No,Ninguna,0
504.5145700080404,4.967368336956851,5.05729588846377,4.957218763326196,5.0322843504429,5.086485961772724,5.037612382958043,137.22938999343276,Si,90,50
493.176055590614,4.912398620415493,4.921953126194139,4.966247701986916,4.971933794793719,5.074329480252223,4.9061627608204486,107.88764181287927,No,Ninguna,0
502.85575336601,4.918385931781493,5.034804655888386,4.996493849841758,5.039696929956409,5.088112198003173,4.92426927378058,101.77394604064347,Si,92.5,50
500.13528851818245,4.934246982533191,5.05767801300778,5.07901255516448,5.079805086683105,4.926463657958021,5.098297505474184,86.90338358325086,Si,30,10
503.26921945479046,4.920306661752669,5.091035825945601,4.92123644787186,4.973042295802147,4.903202760873717,5.064258321227426,144.689210972613,No,Ninguna,0
506.5885494884104,5.098583933064286,5.087668570600411,5.070875650871314,5.068245874298594,4.998359337698839,5.029645755532721,82.76022005300261,Si,92.5,30
509.78821109856386,4.994630974842768,4.958656145350486,4.913681238542437,4.971247491872782,4.922095432085876,5.052362630121157,89.77301882378012,Si,111,30
491.72514584514795,4.920353153621598,5.0601551516264145,4.982778339040996,4.949253319366208,5.070780531852033,4.9724613300526626,125.69477702570259,Si,135,70
496.5456025010042,4.904114318040433,5.038487485236328,4.905359434176134,4.985034888467948,4.944008557766364,4.963990699872685,85.35125990532825,Si,143,50
503.87023116973535,4.979123492816412,5.095264582050408,4.949548807340506,5.04782395093454,5.056221397038046,4.918517291999455,92.80747885407217,Si,111,10
506.72492641112814,4.910051786704313,4.987364131280152,4.960165386051467,5.082512156558622,4.962749997235786,4.985454116346343,94.90331737393609,Si,135,50
495.88742457268245,4.906443132313028,5.0124849418296975,5.032504042121113,5.047009962570948,5.002588644567913,5.062296504754393,92.9489365991765,Si,111,10
507.2835183383692,4.914404691186384,4.953002798145262,5.00398182981274,5.017265624568593,4.997106650013203,4.925194130757332,116.47692022960933,Si,143,10
493.39674005237197,4.9265658438242195,4.9371239067284645,5.008017160740012,4.9276612046141635,4.911910306248973,4.950084216620169,81.38036189326405,Si,135,70
493.2495712725848,4.940845931375663,4.947708565245518,5.058508555979122,4.944688212485778,5.013185099980827,5.0885270666948275,130.3734919230269,Si,135,10
503.8798409972652,5.067519546503026,4.948414711296689,5.0328925728340455,5.036540165656748,5.070765211725633,5.00684680379813,111.99438385981688,Si,30,50
499.8453966100419,4.922103569130172,5.097528215650942,5.018704655941461,4.903082542563445,5.028150143262687,5.094240738417254,141.34232577519353,Si,135,50
506.0784088453296,5.047657867227593,4.911371289736216,5.048145625008309,5.034501474777426,4.952663153617088,4.909963793106423,97.29167081558344,No,Ninguna,0
494.31429004657923,4.902812678909442,4.965298344279648,5.006141658499111,5.092675427970149,4.991692721089551,5.091000316179749,87.2577519885545,Si,92.5,10
496.8744735866157,4.965880118364909,4.996116986160454,4.984872907145366,4.972809606278879,4.930924474641681,4.994092047544411,119.01351668292364,Si,137.5,50
501.752487147729,5.0562744073908,4.911929412323053,5.032702896555843,5.052092226843223,5.040590905278973,4.934529540223609,92.91276779823275,Si,90,10
503.11878509926015,5.072629890662076,4.9679830293806155,4.957088437950975,5.0513112384500705,5.096135751342617,5.031333132678383,101.94571245350956,Si,111,10
491.11564175637795,5.0529153381357625,5.082570406278948,5.03626414334707,4.982253504502672,5.081419262767168,5.02053791034171,137.27016421265242,Si,111,10
491.3911480109093,5.073191216064106,4.920233197048054,5.030037237762772,4.911475458498718,5.06961390215946,4.9728716997991445,88.55883822350495,No,Ninguna,0
501.52903307978465,4.972520010323016,5.057056922295347,5.062698321165922,5.050654264013782,5.03763249838378,5.059741126623685,139.70553452512763,Si,30,70
491.66337860875916,5.067611008800788,5.041895151639984,5.046830932667514,5.0890552120538635,5.028908498234834,4.9450313394347205,95.83606244494698,Si,111,70
490.7731029559853,4.952565260296838,4.922712116216775,4.967874136523412,4.957806181445749,5.055143454767835,5.094532498873584,144.56529724565482,No,Ninguna,0
492.26745145195736,4.969282632014706,4.999470486794958,4.929932965944244,4.921625362143539,5.037178907722254,5.041995741396158,101.33272509667776,Si,90,50
494.19627108908,5.04312250033151,4.941305302062424,5.020805863800055,5.087206030040359,5.027896931125132,4.973571926852145,85.90783085618085,Si,111,70
496.28865163385257,5.083069389501936,5.000182555815126,4.94542206091807,4.970797534442186,4.987384680656028,4.9632412877494945,100.1899321315882,No,Ninguna,0
500.55677220826607,4.986639985646514,5.038301669697361,4.929373759586429,4.968596527222547,4.972491718017696,4.947258745363769,95.09254679382754,No,Ninguna,0
496.88020532919006,5.029180794548555,5.073528583820504,5.033465431945165,4.9290325958268655,5.087283190445027,5.077773109008291,142.8477394286391,Si,143,10
503.3636852943025,4.941676916292435,5.078182083663027,4.995346972303241,4.959930503728968,5.030983454961283,5.083130489641454,90.90527268979302,Si,111,50
499.8025271837212,5.063919447051933,5.092862396853138,5.078894790216375,5.026975758405091,4.97004283039649,4.931828635338667,107.11297089092777,Si,30,70
499.97018889282054,4.939526392577117,4.900907060076375,5.044554148172746,4.980380061710794,4.9863092212747295,5.005638519207366,88.27476187215508,Si,30,70
508.06964645400024,4.919845963855287,5.017430702280187,5.099440252124123,5.025567468294497,4.962835939604108,5.004638814279177,95.47099083760409,Si,143,30
496.5044338041049,4.998164212075692,5.057963903896957,5.095478274273869,5.046460706183709,4.9203476857738355,4.975352570663697,99.76017654695559,Si,135,30
496.3755884146242,4.900702100937842,4.900980396358729,4.909369218850355,4.994734037531968,5.024242611957179,4.971836403580293,97.02103032942078,Si,143,30
493.3773335938744,4.925897528182021,5.073759022296045,5.0487040018910925,5.065393274372339,4.921584842551978,4.944335730437294,97.99336455416758,Si,92.5,10
493.8474943903177,4.994209498244145,5.056008662992255,5.064008119626181,4.992752333825932,4.924440621056317,5.045436458013495,109.87321054580943,Si,135,70
500.97662826357964,5.062984879030901,4.901292073962542,5.068392702306366,4.907470620939806,5.0755185156109155,5.086574201744951,130.76034200545809,Si,92.5,10
498.02782684264014,4.916324947294942,5.00091878318643,5.018387408222043,4.974430528725753,4.959989606402218,5.00070925355276,128.11848988358028,No,Ninguna,0
503.6453503804366,5.074542744953106,5.048660750455187,5.089147859554285,4.923780803115599,4.93943863649054,4.939079756109376,108.09715953539623,Si,90,70
502.17561016769713,5.039955277672737,5.019907754074839,5.011433678010639,5.068793061679795,4.977195356114029,4.929886441853276,91.61045729470916,Si,143,10
502.329531531955,4.916688348594198,5.014417997873309,4.951803150460336,4.908420390580178,4.984997814226867,4.985917797043047,103.67605760617833,No,Ninguna,0
504.5168615744705,5.0733482456892585,4.917997797480998,4.930442664634369,4.969050232415096,4.9549475778448215,5.000277788605121,104.59105503462861,No,Ninguna,0
490.8278287778463,4.990008945906093,5.027035147024606,4.922185226709375,4.986720685577273,4.947915883152394,5.002285006184477,145.40008506571905,No,Ninguna,0
503.2977882611959,4.976243628464993,4.91452818177992,4.93073098216667,5.027779421000415,5.034105285100866,5.070026687351829,105.2511064623713,Si,90,50
499.68547339781185,5.071808281464811,4.995412522436215,4.964342040862302,4.929910305281105,5.0804008605996795,5.000844740089582,102.77050790473103,Si,143,70
497.2590239967121,5.025709358227061,5.002624473378324,5.096147387740225,4.93777002589143,4.949196508073534,4.937243651689832,146.48063240687156,Si,111,10
509.58989658492413,5.029042685254433,4.987556010971397,4.995810645375189,4.947916143244729,4.905944519719945,5.0792776121384335,118.21156459974057,Si,137.5,10
506.32153787814497,4.957215450513491,5.0503213798531155,4.932128198230462,5.00949132063435,4.959410319021144,5.001753262437204,80.03086553514942,Si,137.5,30
502.2551352456608,4.919512168992768,4.953946282325725,5.0968983725255255,5.0557862538814415,4.940499405855384,4.994702757034967,100.04821549773287,Si,143,50
502.4080692874451,4.955726429352193,5.039889202895954,4.912606977577401,4.924854458671757,5.060991316431272,5.067859672660191,104.32566886838674,No,Ninguna,0
496.90409971599576,5.034207321061782,4.965823691394798,5.095907394898313,5.046591649471158,5.028663679307055,5.037381831164548,120.16147399777925,Si,111,50
502.02635723754,5.096054773081302,4.9128222002960635,5.099656435079877,4.95076831726617,4.952537558546315,5.041598761882425,104.46081506230229,No,Ninguna,0
495.2452389935152,4.999329686585371,4.938590091746366,5.009869699107234,4.940569551211418,4.985586306550241,5.068985507940154,143.12970016591345,No,Ninguna,0
507.742969431639,5.087261705532593,5.098666811424151,4.937523395487957,4.995822211398285,5.007752034840165,5.038270686796117,106.4695883210099,Si,111,70
499.3969615581198,5.026856670448342,5.007093361157461,5.087717004110665,4.980658924034917,5.011090246564784,4.902258635952677,148.83551985324675,Si,90,50
508.3522543939407,4.9410947582639055,5.035643758908103,5.013297974449971,5.0153746591745385,5.079354331200501,4.941984615951864,142.37653885343354,Si,111,10
497.07749680074545,5.068638367003651,4.984216600473339,4.973916700147237,4.98141183046773,5.063329206956141,4.938421849566768,81.63488849921077,Si,137.5,70
490.71253074074355,4.959487609337056,4.9633166894025855,4.972690330745511,4.985482437585876,5.023696073673548,4.998488454481012,123.34650891695904,Si,92.5,70
490.94991711472414,5.039307120401867,5.060676084118079,4.914987240123813,5.0044224946143645,4.926549205113764,4.949638637697107,96.2144017181993,Si,143,10
495.4082722144882,5.073639869702513,5.052209725319372,4.9766353693118,5.008959033338602,4.9110766110081,5.054077462974462,92.36208979586104,Si,137.5,10
501.2802635316952,4.995156520210913,4.909969553074851,5.0959786075129525,5.091754703563518,4.987046644691346,5.010368369189233,139.54504932673834,Si,90,50
495.83686269741054,5.084491626383401,5.016591364056382,4.982690556931263,4.904994753883493,4.956987020888313,5.057629965587155,120.94474478915606,Si,137.5,50
509.44447707799986,4.940844663881982,4.905786574534293,4.956978125038754,4.951445988381102,5.08643418878784,4.959652310745947,116.6049324196493,Si,90,30
502.33712898590164,5.0706088946513335,4.905880808451999,4.992396043131877,5.09401582869116,4.932812402173699,4.949387623348382,123.95605820003635,No,Ninguna,0
505.32347221631807,4.9953373482560535,4.972726081603248,5.07799459414749,4.914526112533139,4.960922577123279,4.971861053652763,147.08173253817446,Si,92.5,70
502.0024953009399,4.9629606726356075,5.092576619379287,4.9408500271189855,5.040662090803761,5.057534921611324,5.040187742920844,84.39166311900499,No,Ninguna,0
497.9794661163615,5.059576875703744,4.994842194826158,5.044002714885696,5.034106022012936,5.038831377975192,5.002756033617388,107.65788046319838,Si,111,50
492.7892070556896,4.953811735023537,4.989293888725531,5.07738053783054,4.997719618795858,5.091423606925354,4.961526964303008,127.16764396753558,Si,143,50
503.23246128563744,5.026129719495912,4.9735427808378,5.09276580576564,4.918331188841053,5.04417396984641,4.959736722745157,107.0815096375593,Si,111,70
501.2592355549773,5.086978033622658,5.043401523239881,4.926129198308629,5.036269396140694,4.955048227484033,4.93641689361201,131.74764529132742,No,Ninguna,0
498.8081283748669,5.036705211324603,4.928823141444135,4.960563657867295,4.945251860313495,4.974584287476993,5.021769722376236,112.70986632768674,No,Ninguna,0
495.61082877686584,5.084900035471046,5.043077032490229,5.01590724169531,4.929076436330705,5.025620934878997,4.969048564676104,92.8191926353322,Si,90,70
495.78323020554376,4.936897104185654,5.096079424580638,5.075083443359951,4.998336728959881,4.954001277166456,4.941020203694083,146.49325455247583,Si,143,10
507.45379085467965,4.947573278388086,4.903123040547869,4.954982669281165,4.962255935475899,4.96247741300249,5.0339618138883235,90.36232393248333,No,Ninguna,0
495.93939402806575,5.057302753874881,5.027959307538317,4.9504438098785455,4.960592797174809,5.038740897727918,4.941637042904307,105.28179349906165,Si,137.5,70
490.0063678519793,4.966678157606831,4.920639386388389,5.053585112856156,5.098336468016577,4.946253319277309,4.936566784524923,113.19279695192247,Si,30,30
501.59036832443206,5.00728593265849,5.028684420132476,5.0181637105687065,5.014814877786076,4.995415263787031,4.900241328425853,119.93055953294855,No,Ninguna,0
505.8681976507069,4.933803269329292,5.0019841830875125,4.958118024777683,4.970781047499711,4.926815705926212,4.971620191508986,148.8549917365749,No,Ninguna,0
493.80587426376087,5.045816447262076,4.991298499145272,5.018398119674057,5.085813923012692,5.035806494722438,5.051785989424161,128.2078347557446,Si,143,70
495.2832815722328,4.927155595721625,5.090722767527938,5.076484172011406,5.080863204827983,4.9746046153167285,5.046956062292097,141.5033605639956,Si,135,70
502.83508876427555,5.0517360313253485,5.03105177845043,5.014091128261133,5.01804332085224,5.003847800027827,4.958349820268424,119.86958980121764,No,Ninguna,0
494.4728292606031,5.052527071817715,5.095237340861329,5.08951783602622,4.987556676159105,5.0995652260770745,5.004405039138829,113.31689163046579,Si,111,30
503.5062801215465,5.013157222515761,5.010898522962068,5.044125799316033,4.986607177542764,4.952938146730901,5.0797612178420914,131.89986560271728,No,Ninguna,0
497.77507880659846,4.949118056177547,4.9553944027043135,4.966327703837606,4.976772117748255,5.067415613058078,4.950836160961999,91.90767581663675,No,Ninguna,0
494.75343105327516,4.984799510696226,5.035342363820567,5.027814856835144,4.995337472511535,5.033453809430098,4.906481581820359,121.54741226974272,Si,137.5,30
503.8111530381062,5.027975628212886,5.085388159053339,4.967403218084437,5.042796596875483,5.083772137185314,4.936023248623307,105.64536821713796,No,Ninguna,0
501.7505072127609,5.080797731880295,4.91811143178255,5.075033527714245,5.0771388548261855,5.054771231121647,4.914495250266965,83.86871191135936,Si,111,50
493.95723076193656,4.967882079818897,5.0835341189686005,4.959032269725433,5.0397043601289955,4.991573131361527,4.914843121916094,100.00572643058781,No,Ninguna,0
496.14484389087926,5.038663788988826,4.936009630106448,4.984220355592886,5.0650892330412525,5.0556523311747705,5.0007664288655285,127.9040522166365,Si,92.5,30
497.5589590170443,5.074554227532515,5.0321839626408424,4.97076482840062,4.97833441472363,4.964110867910838,5.076024398700667,104.88736627109309,Si,111,30
503.3819707190821,5.00181665191794,5.099022594718878,4.941969903756621,4.905165492586682,5.001163449510731,4.913056079366694,142.1331869491325,No,Ninguna,0
499.35250476734444,4.925030815895345,5.0318777976036335,5.0532026122781675,5.0871088564288,4.913181548762817,5.0378699012807795,84.74971996038408,No,Ninguna,0
502.13225300771467,4.986415885752591,4.986199404013145,5.023022623528072,5.047300378756729,4.945141753029211,5.07294752251507,91.86692766789628,No,Ninguna,0
505.19948421789707,5.066377061338257,5.007580660313854,5.0745122023267575,5.064807542633276,4.97485079327201,5.027850491904353,90.58233086834029,No,Ninguna,0
490.83820155280114,4.945183511644262,5.016069936270167,5.0020196723118575,4.925186171141778,5.0088622271833225,4.931549033159192,113.33247254896963,No,Ninguna,0
494.28411321163225,5.000562523957366,4.982727603470046,4.927938558346087,5.07221898041881,5.081568625500443,5.052726297515002,92.04097958467732,Si,30,10
507.94608616533986,4.980070376915795,4.908367802987465,5.042311257078165,5.082800028584933,4.918967769125674,4.947714508770697,104.19435832741755,Si,92.5,50
507.35710688516605,4.991984243091286,5.0280015150677,5.071319657187714,5.026764507827163,5.091126400300457,4.990503556206802,92.58646483012451,No,Ninguna,0
499.9812341754029,5.024941430104377,4.920161242747496,4.901077148220839,4.9315756123064,5.017135963603013,4.90584752066428,91.88703484978274,Si,135,70
495.94165138811434,4.984195159492205,4.985113516047076,5.056649713990393,5.063215902992474,5.04057869983145,5.0151973439535595,118.62725762149057,No,Ninguna,0
496.3794516050107,5.0259436378339855,5.020588038938942,5.060529069485319,5.087259323695105,4.908954675779399,5.09983962175853,116.30893885164502,Si,92.5,10
494.48617723973905,5.04178202982256,5.076499342591106,5.064428114254802,4.916098211580099,5.009984549246322,5.09842964842664,111.64983738732937,Si,143,30
506.206644685306,5.063849936179199,4.920595550590537,5.0848155341610175,4.921079376667123,4.96568090250124,4.9952182433191945,141.0038918928468,No,Ninguna,0
504.7395847128069,4.939681317133419,5.094291719806078,5.0467045889203295,4.925075037041336,5.08724054765967,4.9043573070565,123.39805401689284,No,Ninguna,0
500.05892935160614,4.950232317213058,4.969246974538199,5.046055445084091,5.005161634360367,5.081343926539654,5.018301591923515,85.20346540949208,No,Ninguna,0
491.02644766684057,5.019400883963165,4.983513145077931,5.0262610533185175,5.025147036861513,5.044238768680169,5.0684346515375776,134.94301825520967,Si,92.5,30
496.87922951011507,4.998764233364004,5.077358741921538,4.964132735854472,4.977139208268101,5.0701972704531535,5.033529049161641,145.72613644330954,Si,111,10
493.48262219017437,5.0692262360369815,4.945833874254803,5.025002345243413,5.049928882545108,4.998659873831641,4.936902086429294,109.72158787870592,Si,90,10
506.2506483196124,4.94153209387951,4.9296520912974175,4.94998160793171,4.971154919147882,5.066439382706398,4.992211599076132,96.95852495607383,Si,143,50
503.32882402076547,5.08946696251907,4.961359039417555,4.951904028420988,5.041067728173561,5.082254426462882,4.979209725005867,91.30962998925246,Si,92.5,10
508.1660937724111,5.086177496301731,5.0077473310880825,5.029683294898911,5.096380518894824,4.979135738146956,4.9288672935444495,103.19368825736987,No,Ninguna,0
507.91024518393,4.9661475449537695,5.045239074970347,5.07125208298952,5.060537013904847,4.943282541141882,5.03572802791582,105.95296627623107,Si,137.5,10
492.9957772894535,5.077142128292071,5.052448298408602,4.981523650466736,5.073114302848599,4.9495927603753715,4.921628061578084,98.03283019490195,Si,92.5,30
505.38511435310403,4.954392160619039,5.058985315358703,5.036013956588823,5.098893688170022,5.051599055072113,4.9036757534861755,87.68743115042228,Si,90,30
492.3691672324366,4.9490672947168886,4.904114301523899,4.905989258928752,4.966833207612739,5.092596499002743,4.955941845372373,134.6891588771137,Si,90,70
495.82068324882533,4.925784504945501,4.912670233093308,4.977138076105168,4.90011886709867,4.932340178746445,5.047568267918437,95.46148352553622,Si,30,70
497.23487810334825,5.075816437044438,4.947021167851299,5.062393559357606,4.934117633951287,5.0930321839128645,5.052585410775801,106.36035236762379,Si,92.5,30
508.14315982581775,4.9228331039367355,4.953504564501277,4.915979706453895,4.996022659581767,4.985412043812708,4.977614427824106,125.12345310801643,Si,135,50
504.20471001885227,5.062145874976111,4.970702758478779,5.0685988162562845,5.043678732590326,5.039522393226213,5.014699224521343,99.50552343129209,No,Ninguna,0
501.9778113802764,5.0938602758418385,5.025189048149403,4.962655841718405,4.9186102444578,4.996503694408084,4.946605578641217,143.1119972002954,Si,137.5,30
501.8150885765115,5.048041995576575,5.086883312850833,4.9769577707576484,4.976190357242485,4.958022453903894,5.035358758266141,146.9617311577093,Si,111,10
503.1552031147631,5.007536741741263,4.91410626164539,4.986889126508325,5.07570097907845,4.901243894566957,4.948564337826621,121.03866282369427,No,Ninguna,0
498.08157199840616,4.902398976968984,4.9410153419619425,4.922827288813716,4.930006578624903,4.9538424063010655,5.056973594548574,145.65985991203857,Si,30,30
497.73298958541994,4.992283278580721,5.046768344621946,5.030879452689123,5.029588081979795,5.03643682363068,5.065732727416667,120.11497851793074,Si,92.5,10
507.78087097563395,5.047733295591834,5.094684344229804,5.038543381346714,4.962419106184387,4.985987540902368,5.068855413987395,133.3570497696423,Si,111,10
494.6477983663242,5.00316172682644,5.021375060659387,5.087460703329069,5.095304542014576,5.056922367375568,5.084279660985451,114.98491912560988,Si,92.5,50
499.03537745948097,5.044906700421604,4.987410597291798,4.946968290033183,5.073246026985187,5.060909527071676,5.046255606201109,97.0629145410547,Si,30,50
493.92916281227616,5.010328923810084,4.988249399587067,5.055166763783555,5.077992074570347,4.963046935795977,4.910708034586998,140.96744219191072,Si,111,10
507.0006021120784,5.032294614096939,5.092339201341747,5.018999418214262,4.974901247960024,5.014464410404458,4.979677468005036,132.04962623694422,Si,111,10
491.8792449011022,4.956411662202086,5.088716194437482,4.91269163025032,5.09389873713911,4.96774648702837,4.932170991344922,133.3303146540665,No,Ninguna,0
504.3854121598363,5.052438562821301,4.96298979595862,5.085453568799418,4.968883944696622,5.011431049697133,4.933970247522358,119.76765631145439,Si,135,30
498.4916203996545,5.072823331226273,5.077148774245075,4.9433300428082,5.017070417120793,4.990424059362256,5.001360359668089,147.23854049246563,No,Ninguna,0
509.2738341110923,5.011296926144719,4.9464367431469745,5.066503037138907,5.044413695719774,4.9480052457090515,5.056212914548251,101.3228431336859,Si,137.5,70
495.11790410767713,4.984236001482637,4.986750187857094,5.000854734465554,4.9185626389774555,4.995411318267004,5.040308381897776,132.3407630251499,Si,135,30
505.6467084661695,5.07724806774947,5.032406417943931,4.975550469032597,5.0683619340098165,5.015814163763965,4.959758552255898,148.122070715843,Si,111,70
494.49982590295707,5.070360160707019,4.931996713351569,4.99679519354882,5.006958741655072,4.927031430743745,4.907028615721006,142.65838267201445,Si,111,30
491.79811040643494,4.986745739189203,5.080558412391646,5.048822166845491,4.9506746495267775,4.910250876945959,4.996642896776216,138.56790705783717,Si,143,10
505.03494891735943,5.005662772671066,5.0486356150462415,5.061433631458548,5.066265494559414,5.058329004011788,5.023436756576041,96.02546614439508,Si,137.5,10
506.69988965098963,5.073818300869967,5.001749464754635,4.984667187005789,5.091453365639314,5.098095774995746,4.9976248767941875,136.17201625241623,Si,135,50
497.2782281320227,4.90060409929321,4.990513291579676,4.968081240353806,4.99791318799073,5.079955018950701,5.018319632079039,129.0594723539246,Si,137.5,50
495.7288462552026,4.948424286149705,5.0884935122304125,5.049682425820738,4.958773530373517,5.0101926885830945,5.046350520364493,95.17178776284086,Si,111,10
500.454729953192,5.082249124127965,5.0515636017522,5.016108556883844,4.955895991730683,4.956537136110953,5.017784084211529,83.72736527228399,Si,92.5,70
495.7835082355227,4.97365402902764,5.070500648701854,4.973956532325019,5.022736544361355,4.927995643850567,4.982353641866749,82.17190215303903,Si,137.5,50
505.12308030249204,4.964784350885027,5.000943168106906,5.037749733040784,5.091044046337668,4.993572330496607,4.9850204083281495,105.68803751625339,Si,90,50
507.2047290391993,4.982221675274402,5.015377578572238,5.087959096445829,5.0836155938050975,4.9896235661199455,5.000036744770692,128.412547929904,No,Ninguna,0
502.56923778451414,5.069399637102165,4.900562155038726,4.992805930934722,4.942074534418019,4.995829879615497,5.069271759349672,140.32283490335803,Si,30,10
491.51712948406697,4.904735103825525,5.051167545976102,4.925815259423001,5.08353536861936,5.027646584721456,4.954297524436535,148.78567294686573,Si,143,70
493.58600758653745,5.033835398506113,4.978744517517778,5.00100525027264,4.939473127286102,4.95240836112613,5.001110838371284,142.8047197568614,Si,30,10
505.3434207883584,4.934649594222655,5.018970265478053,4.986420765295522,5.05030330483292,4.9171210440341895,5.038414215016932,130.3687933958297,Si,92.5,30
504.5833716307514,4.966423000744866,5.042722176922157,5.074678780055392,5.033792707671531,5.071110730453744,5.0560024777395425,119.61617415632267,Si,143,70
492.18821386874936,5.001474531829742,5.045652368993957,4.961952828124791,5.009198847807994,4.917482144241398,5.011940930400513,118.03165488822597,Si,135,30
495.79665616846927,4.985367755938294,5.045664407423573,4.932760653515676,5.0970920432116,5.090255371030005,5.075729551932087,116.70408661333171,Si,30,50
501.15391928421934,4.960713895069982,4.991983770219267,5.068111568036221,5.082460762896268,4.924437327231221,4.921463158897421,145.57751276067626,Si,30,70
504.67852501346357,4.970668171421404,5.004355335329753,5.063803216076299,5.036469761980277,5.084915058348408,5.073823461538271,128.85534449126573,No,Ninguna,0
509.0969869580238,4.937984048322572,5.070785411199235,4.914387434584884,5.012141327418898,4.904710532659683,5.091242451534861,97.01882278394598,Si,30,70
492.4094532941328,4.904821116359388,4.947571901521384,4.907919153485546,5.090761269736479,5.0648304457583215,4.9060915075966305,127.34498925873925,Si,90,50
505.86718641631353,5.01198610136594,5.084774507740392,5.050907403865248,5.077443452390393,5.075875914300297,5.051359009965519,88.38252850925112,Si,90,30
496.5583346924207,4.964601530372873,5.099319356408828,5.035962344034804,4.979872149052034,5.053702840548476,5.099062267265655,133.18866797370828,Si,90,70
492.9823820902544,4.91424036810729,5.0407694560558465,5.050477057116479,4.994607256322792,4.965997629517452,5.025211544224582,106.15509341319293,Si,111,10
496.8733188657182,5.083000553624613,4.943681020427062,4.976458867159386,5.012154117346632,4.976775563228094,4.927142643245407,101.98108110568934,Si,92.5,10
508.8093395973833,4.9141856008903355,4.938344261882264,4.961407645857427,4.904226580367263,5.040611929294516,5.066353468450255,139.17786668619533,Si,92.5,50
503.92854734753894,4.9300364034570645,5.0013519601057945,5.077584754335589,5.041222389174192,5.081454889708392,4.9619619165227995,140.38369986649445,Si,30,70
500.2343814827222,4.925543287762929,5.0073392763708116,5.066228779948938,5.004828820442996,4.90157000885529,5.0964627364621995,131.19559378792792,Si,143,30
501.28479512503054,4.931416772931731,5.077399409901845,5.037041068155432,4.901232230304597,5.008493060326492,5.098599731352374,97.43467440537296,Si,30,30
501.48239101512445,5.057009914437989,5.076133999365295,5.040157636733873,5.015730325479554,5.034731899622871,5.011382783445153,132.11064869544015,No,Ninguna,0
492.1022857185313,4.9730983884606985,5.031705373895934,4.917316456398645,4.9110643619145256,5.017809689941113,5.087207900880896,100.77776446404417,Si,90,70
498.8209707420297,5.0040908424161845,5.008276502025271,5.046752034103253,5.068040334743668,4.9586840975207505,5.026502552339369,141.77349902636738,Si,92.5,30
496.9899002139591,4.981021305662332,4.913556567534909,4.969273645688083,5.034015109782283,4.955722379036862,5.051499006280149,148.14258477114885,Si,111,70
497.87461318582757,5.093033736829935,4.921352477267005,4.994111008728293,4.9168985399669385,4.909568505592925,5.034054848876775,85.87054754030466,No,Ninguna,0
497.98933785037457,4.950132304288628,5.028254788796406,4.980301537574353,5.000416910551173,4.907205140628655,4.977706600517634,102.50325043607354,No,Ninguna,0
495.454703272448,5.004348916808687,4.941663119540752,5.09076818698713,4.945211146537699,4.904497504481936,4.979708998517975,95.37950082892927,Si,137.5,70
495.90178569234337,5.0847250024765795,4.9954986871154565,5.06656086347333,5.0282780173688595,5.0606473950012605,5.074962828563054,82.81836077125291,Si,143,50
505.49011690556114,5.016852536454671,4.93729639910813,5.0307929938744556,4.941539633327624,4.936051258601562,4.996364717995259,146.91021211399385,Si,135,30
494.96104303821227,5.003038402567395,5.081636772500028,5.050872242311738,4.962316834392464,4.961791562830872,5.00909824441634,133.3545953427249,Si,92.5,70
508.3571207418891,5.063277851168132,4.9857743169574205,4.944317931565524,4.934344688675077,5.06775947771422,5.009460603935584,135.64760867603232,Si,90,10
501.47575447027936,5.089744129776902,4.927528807180876,4.99787553791389,5.002390490070275,4.929679427197421,4.942181372013266,124.54392063764976,Si,143,50
498.707282106854,4.974887411393367,4.924363677735178,5.011545362322608,4.937254875673378,4.942149514388142,5.018873476717418,80.6493680343223,Si,143,30
492.68056145039327,4.964576017449379,5.0482779068108545,4.915641806918239,5.088131147841304,4.9725288725837675,4.999613816793062,125.37955984619572,Si,143,10
508.7194579205596,5.0267784611935316,4.942249829215286,5.025589522142135,5.021024889322986,4.990889390965131,5.014426224783442,114.18524551421118,Si,135,30
494.13307203841316,5.022578208177206,5.012565215017011,5.006877432301582,5.0000258910011235,4.922864375255646,4.9197790545427,121.08904658626747,Si,92.5,30
497.79322861833515,4.928218504865304,5.052482361108544,4.966942524256403,4.9657866578354675,4.954138471670276,4.984713769113661,113.0986830954868,Si,111,50
493.69236227823967,4.979386700996294,5.076119762054743,4.957322704139967,4.988908415292885,4.95564803121976,4.905787899441295,80.5251077319109,Si,92.5,30
503.70951156695486,4.929339535067598,5.02881110601466,5.043435577945188,4.952323634040127,5.038849339387912,5.084764509666423,147.07626404821406,Si,30,50
490.9530934389249,4.904324437370597,4.963544368481897,5.06928837030445,4.955638526519683,4.97908676922873,5.025109332759974,133.58058524274338,Si,143,70
508.545615826016,5.063145479962714,5.05860752981844,5.058122059361194,5.087607304068147,5.021820703282438,5.031302368075365,136.6882866170746,Si,90,30
505.93009069104636,5.0011839965814895,5.071091115489227,4.991136827488595,5.092827678538353,4.980314233954552,5.018439146763844,105.4890414372478,No,Ninguna,0
500.00491139761044,5.0767785990976035,5.019742506146573,5.078328949337458,4.984784751495905,4.99527629754951,5.036477461806894,126.63262638392796,Si,111,70
496.78512068786983,5.0216310040279835,5.063339790574576,5.01348635462598,4.9736678487194785,4.901242855302078,5.087496361416633,93.97305423725626,Si,90,10
495.4197066410556,5.025485260743428,5.009506793937878,4.928572944077043,4.989729696121312,4.961534990361256,4.9101409117724275,104.14650519109823,No,Ninguna,0
498.10963463430295,5.060508540763849,5.080869501692343,4.979380229190578,4.923997654321934,5.008446943178531,4.94808104998125,102.50501914232221,Si,90,50
493.34557783888533,5.0148588463492505,4.915934639138614,4.932131260396794,4.9151196285525325,4.90900728785317,5.062137940281418,140.59187499432542,Si,30,70
498.5916320731861,5.007109040070496,4.996520436855334,4.936244537440392,5.078683503896829,5.019163370797267,5.076376510868434,138.51555916489826,No,Ninguna,0
503.3252628439936,5.01655879610202,4.992570132228303,4.986332412877505,5.0548225421881945,4.929814470932701,5.036114584847943,132.37643309749535,No,Ninguna,0
507.7775172784028,4.908199439852191,4.993460224564845,4.975315207829847,5.018169534726205,5.06237768162577,5.079133224788491,82.01834481053673,Si,137.5,10
507.81536070837717,5.087265104466962,5.021816598401388,4.938604815973249,4.9309919810974385,4.911975712946223,5.076454910572814,82.54331503068983,Si,92.5,50
495.08706418347265,5.014293416313665,5.004615636981364,4.991716325417742,4.976956736569706,4.924966724903754,4.98464223832564,116.67086149868138,No,Ninguna,0
500.4006494179991,5.015364318936635,4.961200091885633,4.902808979785097,4.9967527449333184,5.008452211601354,5.033255736488395,142.78134499587333,Si,135,10
502.8315597131096,5.09988909030177,5.028789729727722,4.918794461905096,5.082053853419765,5.02875966934165,4.909702808350666,96.94124424488709,No,Ninguna,0
495.60145666721377,5.003339194122313,5.0914836410538955,5.053201816891524,5.050820618046904,5.004275369795372,4.9663740737153095,142.6967033211397,Si,111,30
503.4488997790575,4.9591149501898455,4.98403514186649,4.971609694536072,4.988100356165379,5.000823932967728,4.994115995465209,139.22629668359264,Si,135,70
504.1027799796766,4.916796608714038,4.927007663051007,4.96751190458778,4.946309140182647,5.082583699120647,4.947778323783993,82.9827355783297,Si,30,10
497.5932443460916,4.990435915367559,4.975021599721763,5.074124437775959,5.055884264563333,4.960998688949881,4.949178712925384,146.2076283400109,Si,111,50
507.54716327043354,4.904339877751013,4.915723739628585,5.041619136725231,5.017423705164369,5.098877385469056,5.06358377694346,144.28796812005737,No,Ninguna,0
501.7408732443851,5.047010183710813,4.943986187614654,5.050854847248384,5.071720667251474,5.044329043251654,5.034180442048108,108.82746188462008,Si,90,50
497.36789980813313,5.097896250789192,4.958052069397457,4.906584297663248,4.975026616551233,4.956687243585996,4.949069211585958,83.65563656445086,Si,143,10
496.31737611173213,4.925108109179475,5.096299930998757,5.085266571246756,4.935065474847459,5.0951191911172655,4.911443644833491,112.02460883152372,No,Ninguna,0
492.602536593977,5.002978645053517,4.948362396157863,4.903844346069736,5.083855000095315,5.019460834361742,5.0003897083935165,84.88593361770079,Si,135,70
504.8122192738409,4.906491843773794,5.001422471728645,4.966785692073117,5.05967494992565,5.0204293778363995,5.036236637519692,142.95512440633297,Si,137.5,10
499.4781881128594,4.968976670651255,4.985338242417544,5.0623858491939755,4.900217643607488,5.084613553533727,4.921327937278271,86.3939347229628,No,Ninguna,0
507.8368071660603,5.067480024568788,4.967656245168521,4.951933806703103,4.941564084536814,4.932431279155793,4.911645990113988,88.14152704974072,Si,137.5,70
503.2952011464724,4.938478379169794,5.064002553335323,4.964915946099496,5.075268627045314,4.981828904035061,5.034829721503461,108.90908257569946,No,Ninguna,0
496.6862969096851,5.092396562318446,4.937640041419108,5.057831014263411,5.04495842013688,5.06921901957886,5.078388711653773,101.32283184935525,No,Ninguna,0
491.00985237311716,5.059672367886858,4.940247486159333,5.020805285969936,5.084071184185939,4.929959993600182,5.021460744110033,94.8463639370367,Si,135,10
501.94410448363493,5.011395607984493,4.932688530156744,4.966054098792585,4.909780893635424,4.9651557146132985,5.086170508285772,129.9277981904205,No,Ninguna,0
506.72592946994087,4.935316604922051,5.059778001462026,4.9651272097117936,4.973061708526548,5.050411071213908,5.067827170913658,132.650431650546,Si,90,30
490.0040053708226,5.031566113831587,5.060129039816719,4.957849318447315,5.051571977037381,5.0906667256183535,4.9190338288505,106.50174466655292,No,Ninguna,0
506.11844133338116,5.018400821163657,4.915028757801647,4.927793343558404,4.971583955177274,4.924619240802289,4.97213151848333,146.96757242436436,No,Ninguna,0
500.65772855517395,4.975597747546907,4.983067300447906,5.099506189216097,4.948199053023315,4.9241759514503025,4.916398407386738,138.66800238288835,Si,92.5,10
509.94652250811305,5.085576467320956,4.902823030057023,5.025851479964949,4.909700890341249,5.002448026802539,4.9408662700762775,135.18643167758222,Si,30,50
501.4023059070523,4.946820684722229,4.999091937610794,4.987328156264695,5.069199009703421,4.933422954653901,4.962436613771526,141.70222035756092,Si,135,30
507.0234042631629,4.925541841445166,5.033257767544272,4.9802802144282605,5.0932133487487965,5.080075031479103,4.9866741467485864,102.0519976237966,No,Ninguna,0
494.09672412044057,5.003738457995174,5.065657169649463,5.069228021997838,4.952284423299868,5.095102391260071,5.033992234248792,111.1081023497875,Si,30,50
506.19395122738973,5.082516920670984,4.926804228975483,5.02196301011765,5.021867111792609,4.9633200958610715,5.014258341857007,112.77879209074241,Si,90,10
494.3553753742699,5.05051828873482,4.917056249115756,4.956498853149132,5.046469337367767,4.927036334648953,5.016155292894295,144.9859473143972,Si,92.5,50
496.89766675120745,5.0656702795025,4.930826629076812,5.006513068631657,5.030531021765201,4.961426957106174,4.966356824885508,119.34083003149362,Si,90,50
495.15617696250797,4.9639265952824205,5.019559614274405,5.02384737086343,4.985461463021981,5.036392861880033,5.088468155802975,103.05677538340785,Si,143,30
497.68088533316273,5.024035054066443,5.003508666830344,4.960819710843691,4.900747988920035,5.035172707174795,4.934425381286496,142.43045757906003,Si,137.5,30
501.99663202909136,5.015736953092303,4.927301212212553,5.0952971295715095,4.9510606934987225,5.066792631320165,4.9855957464912635,105.61572063998655,Si,143,70
497.1277597591015,4.945543506195281,5.091967373099108,5.012705517384786,5.077803268614774,5.070297636657284,4.939722032806155,141.606389768026,Si,30,50
491.76612306968696,5.062511478325219,5.0693430019816015,5.092804343168969,4.97865746359544,4.951633557019501,5.065813701145208,110.32530627527214,No,Ninguna,0
497.6006330580883,4.94218977303798,5.067219092489139,5.094494762215013,5.0905602648272925,5.0918852810300805,5.058301144664471,125.0782462837696,No,Ninguna,0
493.5705882557544,5.002389159797415,5.00533927317881,5.081083915603587,4.975368420240287,5.001394022950747,4.911315254750691,132.87400213405607,Si,92.5,10
508.910700463237,5.048424073671285,5.053333993958617,4.942299957464028,5.028998690351159,4.96950759266531,5.077092563842336,99.77587729904215,No,Ninguna,0
508.84818231252024,5.036251525461282,4.923053062521888,5.027531663044342,4.9667704270323085,4.927511437534098,5.097752560414846,115.54899983322312,No,Ninguna,0
496.14517134444736,5.080641375560493,4.947371405422262,4.98706067318893,5.080227524957283,4.952579162250634,4.986804098628202,121.64170306663691,Si,90,50
508.30381061004937,5.059094663615956,4.968542936949907,5.0212334107932355,4.922631982421072,4.995146315352652,4.918905674763412,139.7802856761064,Si,30,10
490.3933421890521,4.942106014381698,4.9585678497380155,4.97205241554122,4.985997658598195,4.914735359771235,5.071457765745343,141.53874730352464,Si,90,70
506.1590534038299,4.921921195413012,4.9102810309926435,4.98803093696717,4.95474150665095,5.068874920656474,5.0857887408668,114.97933781282336,Si,92.5,10
502.67726016383756,5.019762298705658,4.9848498508800185,5.046758729705003,4.972862516396302,4.991097732564071,4.919359076196633,112.1403679556663,Si,137.5,50
499.89057355677176,4.904082080664876,5.011155896489438,5.054740191592608,5.026281851756291,5.035056095531518,4.939095918668297,145.54618854345404,No,Ninguna,0
506.8679493137761,5.029412281925168,4.972254861621878,5.031057126682508,4.924815819268361,5.020256835911653,4.999720232024924,144.70040189578157,Si,143,10
492.19111425113226,4.9889964352016,4.979076604455826,4.934990587211277,5.048075746647846,4.976156039103409,4.926040152570204,116.44197301594966,Si,90,50
508.8589270089715,5.038442608993649,4.926712138051027,4.968269063976366,5.022656804025891,5.016050528318472,4.906790348529135,97.72693453891533,Si,111,10
503.3639730819731,5.040706590652974,4.942392598743051,4.909664122377176,5.041617762052331,4.92553453050712,4.991224885054066,144.1585774448298,Si,30,50
506.41310777989037,5.081145237149903,5.087246200901335,4.91619671006254,4.967712064512823,4.967460021602934,5.001135864407805,113.55956384363267,Si,143,50
505.4857068030881,5.024537367609057,5.037030573468485,5.033224502236139,4.96532285666833,5.080073249078925,4.925975000375268,95.94264983601127,Si,111,30
503.10181598467193,4.900248017433087,5.080620723607474,5.07210496513744,5.061940814532951,4.940339523747371,4.919668388496544,126.74378985110793,No,Ninguna,0
503.6198430792904,5.049511167176392,5.023665834730257,5.084445043813832,4.984859531578648,4.902272743160874,4.948871117797258,119.01992357940452,Si,135,70
495.342219134771,4.911787159617908,4.998830302357668,4.99877191831315,5.047807796040133,5.046650330252094,4.904957364068377,145.1440913900138,No,Ninguna,0
493.67066080466714,4.955549691975125,5.038657373920343,5.032016171053916,4.979084796130846,4.953186804604058,4.944139035479182,146.76893287626115,Si,30,10
505.0859300438061,4.95436272631615,5.064499365191277,4.98169896821594,4.910057845238184,5.096492566855267,4.93908985085187,115.58383569433528,Si,90,30
493.95906500855216,5.0179896260215315,5.0084203556005535,5.006264827175081,5.083786761012215,4.92118466571465,5.008961535244303,132.13846380020595,No,Ninguna,0
492.69546801501826,5.012072984421921,4.958129248757017,5.08322490389924,5.073901985801786,5.044344397623247,4.928476260308592,118.04107469634891,Si,90,50
498.2630001337786,4.908528993225264,5.034860527114098,4.966236230034182,4.907871150112444,4.944473597804456,4.933795553421624,118.77043390557228,Si,111,30
504.5721384177044,5.066160973955284,4.961548314090351,5.088587517525888,4.916443852281928,5.027373044813494,5.0153739876568,147.5051868238524,Si,135,50
490.4737969788672,4.9597950548569365,5.0173383654578,4.94382810181568,4.991351640726934,4.903732877573056,5.026329206705657,132.29676822899467,No,Ninguna,0
492.42026406104554,4.914137319649833,4.9462116179762,5.099708646846831,4.9861409174411895,5.06666084902636,4.991874612352255,142.63898259409265,No,Ninguna,0
494.36863844058877,5.0873595250190125,5.09720867908973,4.971977545404744,4.94119054939403,5.018421061627834,4.987141715582012,126.97741640174199,No,Ninguna,0
497.1509131690151,5.02612725110879,4.956186413009157,5.028578024485715,4.927562015913539,5.0613808338634065,4.972564815544308,99.5427492193073,Si,143,70
508.86734637103314,5.03854684609181,5.01556047133431,4.93083696956165,5.0542533601432496,4.906491154397571,5.064259432259989,126.53745407363527,No,Ninguna,0
504.5289906063513,5.007405535771924,4.992020672038528,5.0052942392585,5.0850904266401935,4.974479113222807,4.936825090936918,138.90806161033564,Si,111,30
508.74282451941167,4.986477272688915,5.073859455595425,4.939123045653347,4.976397645750448,4.979848047046278,4.901824016304683,143.0744830976701,Si,30,50
492.69651153705024,5.076114222901031,4.919943873293652,5.040259987977895,4.909922933567541,4.998955186664383,4.936703231652235,107.78563487434693,No,Ninguna,0
509.2131283924392,4.9366623748222125,5.07119757644488,4.934367436127157,5.094508464212299,4.910118921491323,4.981298148526507,149.66089071529422,No,Ninguna,0
494.5072025738225,4.9992155490307555,5.089305562776945,5.063581640805719,5.086181611794589,4.930427039032366,4.998231276850804,147.8886198952146,Si,30,50
497.7764849220369,4.925603031290792,5.099336925813998,5.068611707109094,4.999848186339567,5.002447741801529,5.086559075817697,125.387226813844,No,Ninguna,0
495.05095380272604,4.946674174369208,4.951547527037717,4.929043332341531,4.923499165317363,4.911412202246687,5.074639876967846,108.33083320438202,Si,111,30
505.32596222480794,5.021980772925332,4.947385732376899,4.951327776636768,4.932107909906107,5.018472270122529,5.034485728615546,131.8914553781384,No,Ninguna,0
495.10732422464685,4.9455335083582845,5.075199380739398,5.01583582732598,5.024560640680171,4.9306665190683505,4.910874217251771,113.10250950472393,Si,92.5,30
501.54534849048946,4.942357821202145,4.927885818872866,4.986074042890157,4.95613893667377,4.99310312264816,4.91005244434845,120.20625403677191,Si,135,30
499.58745016648527,4.972686501161097,4.9984279360115424,4.9923881065337765,4.934883170276333,5.096847763717681,5.082579617714365,135.461669426242,No,Ninguna,0
499.78043443772424,4.971316353449884,4.958495882612607,4.930426522745959,5.000716924784537,4.931114982887543,5.093356867650828,107.48013200393291,Si,30,10
507.7366777032948,4.921717544487702,4.9072208562173385,4.9800707897080185,5.050851221767274,5.050048420238834,5.012306705674429,141.63664566607025,No,Ninguna,0
497.5852051506071,4.962748190348337,4.981003720249932,4.986569741216437,5.0992536083976265,5.099831065557556,5.028810726420038,123.53267897210807,Si,137.5,10
509.08392976652124,4.996326044376909,5.0170727606214935,4.9739341360081974,5.002819640099422,5.028134764656619,5.088335425692595,110.09420109100779,No,Ninguna,0
509.587562912939,4.981757644926289,4.977131685920521,5.0712996622399,4.951937646621385,5.009802720468262,4.956280363098138,146.24274991668952,Si,30,10
490.9569777384231,5.037683427672231,5.094965512418641,4.940672141969404,4.965489698548084,5.056031604345636,5.026991954520488,111.06317343696026,Si,30,70
496.9900183240499,4.920717676498642,5.0893905763004135,4.914435698669469,4.966479547846262,4.948476188735514,4.9559377341500745,84.64683846621375,No,Ninguna,0
493.1982845199064,5.0333210030579165,4.9152511797918645,4.978765070270235,5.002822793005088,5.008683493376026,5.068582984793921,114.2045707184395,Si,111,30
498.5304655280475,4.925712918267198,4.906256673672342,5.071237413380468,5.028567840659985,4.9919680219201785,5.087190095053928,107.56150105485143,Si,135,10
493.0779534953565,5.096273960995195,4.969394332049755,4.9645171477012395,5.011247597712796,4.931817503591051,4.96908070627286,140.62228823781933,No,Ninguna,0
499.51424494814967,4.925913780683051,4.989950846090283,5.029895802708374,5.087073231118763,5.074437551256565,4.933048214017516,83.37368947809081,Si,90,10
495.31925619330804,4.912319443026643,4.9577447486379,5.07598703017106,4.946065933012242,5.0563406546289675,4.962956587070071,118.19820345750315,Si,137.5,10
492.8116279564239,4.90225246163173,5.013204398543244,5.07235917093144,5.043140177524969,5.051181814913625,5.001852237296157,149.083044816435,Si,111,30
493.8642759682114,4.952371925717391,4.970231066627415,5.090968489342328,5.073392177943822,4.973075580770188,4.944145845916908,115.78256928585121,Si,111,70
496.9654625906712,5.064544648395162,5.045902741015379,4.968908204418191,4.915497784918322,5.09602954927959,5.048118835564044,111.03177330485443,No,Ninguna,0
508.9551745866524,4.978294027444904,4.937898199333632,4.996939956396119,4.907151985582351,4.986573643903782,4.968709344583475,101.5141313550933,No,Ninguna,0
490.894591043784,5.033539494843984,5.043213460579796,5.015144296152685,5.084108985894283,4.922870972539911,4.955402770979813,142.43439820288933,Si,143,10
496.45237360583747,4.916592977184016,4.98696980853911,5.061989243484727,5.08579293548384,4.984842218538005,4.987833444587227,119.30029053136582,Si,137.5,30
497.31047377355617,5.077170046043242,4.997764080180492,4.959065569081106,4.974532825959457,4.913934058059623,4.954201194036681,143.19459135699748,No,Ninguna,0
499.7570480270938,4.9676327003732395,4.9442114419556775,4.938970967158324,4.965037989995268,5.020047272199024,4.970308521576758,84.59032919928653,Si,143,50
507.16297939488345,4.908930699177955,5.015661607510317,4.9817579447757865,5.087115322193737,4.996277325274047,5.061481063718604,93.45501296233027,Si,30,50
504.53409274975746,5.012159576924742,4.96322996325681,4.90501031193564,5.011027490776943,5.006726075121156,4.928220853109209,108.69938145059476,Si,30,70
504.98068488928294,4.94487877404108,5.0752898202819825,5.076457942654426,4.97589420112107,4.964065281557417,5.004099278137693,109.52222106903031,No,Ninguna,0
494.4977730488511,5.050009407812712,5.076683569134291,4.90352156917664,4.95630993346421,4.911895649693876,5.036695589596229,107.49948781410795,Si,92.5,50
497.24021906001116,5.03975259819212,5.036797890642756,4.945833723008086,4.96769676251444,4.981134282532312,4.912975659266393,109.29657414285606,Si,111,50
506.9708548236685,5.089491317033597,4.9935931791134305,5.055472742156768,4.9231661913885985,4.953331692858613,4.936471727231073,124.06543186099745,Si,137.5,10
492.48002896260357,5.021454695312224,4.998650572154208,5.091782149460918,5.002095881161901,4.901668409319529,5.053019596012739,116.7084267478192,No,Ninguna,0
504.85083314048717,4.908788327099972,5.006154927184029,4.992765697140484,5.002069925475579,5.097812466202821,4.978917623446589,133.0270496928727,No,Ninguna,0
498.38452231854353,4.916599805480009,4.925925469226704,4.961605770450904,4.9868084657145015,5.006060220353456,5.0414329986483315,96.99317118954824,No,Ninguna,0
498.17977907242295,5.0160279566813655,5.0729403581279096,5.059013118634725,5.014815777986193,5.0207416945490415,4.966816147940485,99.09492386521495,Si,92.5,50
502.44036175076985,4.959689363128484,4.979687741150124,4.9808345462893255,5.071928955838543,5.051368724727091,4.9174543786990785,82.70029070312275,Si,92.5,10
500.69462089427947,5.061766936292041,4.938625122791402,5.026476433784473,5.062801721325314,4.9693747967527075,5.004754969167416,127.11475861878583,No,Ninguna,0
509.10861377162024,5.009846989835359,5.063621638863452,5.058417023340263,4.905011938908566,4.902650987761552,5.069726244645474,104.65491550102817,Si,30,50
508.1461007802445,4.963419604354064,4.900446235951373,5.084137549205596,4.925225035849888,5.097065188347678,5.038575053437618,92.98906630939375,No,Ninguna,0
503.2114639206501,5.075975426703649,5.072751334341691,4.944226887879567,5.035540126179022,4.909079513534107,4.999915225378457,97.35675901291648,Si,111,10
506.6382707170091,4.942018135897946,4.906001418692897,4.973896100628826,5.0802530974907265,5.066012390064714,4.945355787934699,129.0958630129068,Si,143,50
509.7064692857563,5.084182698637647,4.922076129273612,4.949557788896193,5.032404688433616,4.943452850694235,5.014426199768605,138.21735059916983,Si,92.5,30
507.27934879646057,4.953837712923213,5.097250544342555,4.951420476867353,4.956493593151901,5.099269595922174,5.065213328187415,89.8037158892417,No,Ninguna,0
491.61562985004394,5.028585859461613,5.015008258129022,5.072079090834476,5.0337891506541474,4.975045152645001,4.926185937138898,119.6448773251692,Si,135,50
494.9731644329139,4.998189466448664,4.970657782407876,5.0718688522994135,5.021608769322315,5.095062743390184,4.956278496488677,110.08554393939333,No,Ninguna,0
502.30101329702774,5.0544633678864255,4.937776672195072,4.990396426886526,5.0300817928286055,5.079925414210023,4.947008727251521,132.42969261900635,Si,111,10
505.57337309397275,4.923040363466328,5.007951748541262,4.945082355945603,5.024634618324099,5.010578295061799,4.929575189642717,87.3742724412592,No,Ninguna,0
490.78797326102455,5.049007299877933,4.909045496426995,5.025594585980518,4.913068461408175,5.025971179247872,4.931636221178966,80.78516773903385,Si,90,50
504.13387400286075,5.060664303827543,4.978793994823386,5.082448280326441,5.070404312394404,4.909637426459655,5.031631401744718,128.16185360550395,Si,30,70
500.8393417646457,4.912054432784542,4.941708672468896,4.973368724628593,5.065155937145493,5.023966132477067,5.0990180118867166,108.48018810847321,Si,30,30
493.73333357671606,4.903469268788436,5.017392976363811,4.961855063337373,4.957967687636718,5.0738583254461735,5.0898525390693425,96.0027431680259,Si,143,70
506.8252795452043,5.025447458973079,5.076239527025698,5.01452743506057,5.083139880726402,4.973862544789053,4.933143742273426,91.4704702224047,Si,90,50
509.796762483012,4.954984237178605,4.9295781581575655,5.069239406461554,4.99475447901753,5.094662403031494,4.955637298674551,129.61039996993026,Si,92.5,50
497.3409537396227,5.08201179151798,5.066879097330822,5.044627048166849,5.001781929467873,5.065688939759229,5.0051447092333055,136.70473596890238,Si,92.5,10
497.02218002875134,5.0279074709478495,4.9783238195077395,5.04270949072433,4.919591394738337,4.964652701943242,4.985946372343181,90.69513741082423,Si,30,30
509.28871950949133,4.972073783527543,5.0613578186854955,5.033356851190267,4.988019258346133,5.078412405110164,4.95035554661191,125.5973629569377,No,Ninguna,0
497.02378292677855,4.9066017562361255,4.977499612524939,5.050547115414045,5.070284666091104,4.956445342579218,5.038377917857503,141.90478030563014,Si,137.5,50
496.9541440397098,4.97841683831945,5.065805355898729,5.097529963525046,4.98536997395173,4.9440599730678985,5.01896839852485,87.95105486002085,No,Ninguna,0
493.0037571732928,5.00875261856016,4.954366152659337,5.01433648554402,5.088487607356307,4.955504411150216,5.003530371942343,115.35923257729533,Si,111,30
497.7149236031277,4.938973878262832,5.055693830979329,5.022374104582755,5.015695620556197,5.0386098462992015,5.088681091516402,132.5017963362539,Si,30,50
495.895613605689,5.048269176588464,5.0658880315288055,5.038819608081084,5.013381077822845,4.987276947454049,4.9859864970212415,94.45498468162926,Si,30,10
497.58604945365624,5.015797667040207,5.087927052607077,4.9088321997562785,5.036826822161947,4.949818882515755,5.068689759218576,86.12560376558794,Si,135,50
495.2554742719652,5.072686903868274,5.067255595154698,4.92399968380093,4.930593864927888,4.910991487092716,5.0531983418359925,119.29761718390748,No,Ninguna,0
490.93314601192924,5.0134776829720415,4.91148876803268,4.962016837423706,5.001049999020439,4.960565167896368,4.965705530546693,116.00718471606544,Si,111,30
500.5708173695247,5.083511730946524,4.919140318900705,4.977848177319108,4.920628128019518,4.943725814545893,5.051140542750557,84.47323183824479,No,Ninguna,0
503.5613397930548,5.06634205608128,5.0572928799358845,4.953341063999708,5.028149082894985,5.0747769509178084,5.048779620683449,86.29635541672609,Si,143,70
509.963921990015,4.931238034369161,4.922331801134544,5.014692139044721,5.088817315402353,4.902682423996663,5.021783933012316,83.63097787487067,Si,90,30
498.0003602686281,5.0117216163045155,5.02021553786363,4.999513727360798,5.049101507183859,4.935846577124967,4.981307181176613,85.04722629020483,No,Ninguna,0
504.56886309869043,4.95536751547501,4.980412129206289,5.046205714779407,4.963206653845553,5.095342122233875,5.058341152459174,132.10763328701483,Si,137.5,10
498.9962498393688,5.045617301320537,4.912959164984623,4.972355539535573,5.092697074865994,4.979582639521594,4.9421957646237535,114.66217185325283,Si,30,30
503.5715262961838,5.058991188544277,4.987852514485177,5.047577443376478,5.020710509322933,5.098027532794155,5.00964513877628,148.0397152047271,Si,135,70
507.82964205548404,4.961527970211892,5.038604765006682,4.9241914109362925,5.098540241140174,5.092209392292499,5.030732676457379,87.28466085954659,Si,92.5,30
505.55637412714657,5.099839989338953,4.989674956956,5.072599893788322,4.96076224281338,4.905073776461664,4.912442382098128,109.447959955421,Si,135,10
498.2273340796647,5.029411544613125,4.9240898415736565,4.9618865036532664,5.090337165325895,5.092723684792095,5.062282386405296,91.28452900721905,No,Ninguna,0
502.13001103050993,5.027727296487975,4.932927880570591,4.983325204764963,4.9058602192241745,5.066154704922736,4.942292541950749,121.29714067694324,No,Ninguna,0
490.5255207583536,4.93439411021901,4.922175174572318,4.958170656415967,4.926434420458462,5.089829247931336,4.911835399039837,140.81734330378583,Si,137.5,30
499.9525855025637,4.949521678776993,4.989178055704642,4.994905909749281,5.055433424612609,4.973389313956089,4.93356999099573,132.05220268475776,Si,137.5,10
490.40487056278675,5.081424260983382,5.0917615807325785,4.947419377137994,5.0522422205288775,5.014460223814573,5.097952287183732,83.1246906118256,Si,90,70
501.2167732292647,5.007236771158747,5.016149243687177,5.053037862114772,4.915740330391384,5.057543812951583,5.039122611825724,124.18262776919016,Si,143,50
496.7660094334937,4.916125355396845,4.9760754473651305,4.999045051864525,4.91619715439896,5.081369357680894,4.903791281360462,118.61145827011299,No,Ninguna,0
491.92972951677973,5.032259325014885,5.050027831957612,5.072226279598335,5.0399606952125255,4.988941004160724,4.981144936832247,83.25094090096039,Si,143,70
501.83618662857634,5.020739996936428,5.012523557944441,5.03723941481671,4.979664109182664,4.942772699267535,5.021534957371286,138.2639121759011,No,Ninguna,0
507.97027324198785,4.978842038571421,4.91197728970365,5.009343861141452,4.976750206762156,5.030179255352657,4.932476607376616,119.11611771134744,Si,111,10
508.56334623452267,4.9482339288791275,5.078631186528845,4.949325483776398,4.993446697111819,4.918602632188035,5.078151014179773,100.94209908714674,Si,137.5,10
509.6067868754139,5.043929899556776,4.944624648038707,5.081061002223857,5.002449123029434,5.018714370161331,5.061018377403059,114.64854712937834,No,Ninguna,0
500.3675021529906,5.095547732188985,5.066252942141694,5.076140998214624,5.00180421074216,4.940033032130481,5.058420233692462,134.20147371523203,Si,143,50
503.6740236558103,5.036320661235991,4.980713348869607,4.961921005618705,5.046200748338408,4.9358749431495665,5.006029401036624,128.22859277040197,Si,111,70
504.99109079478353,4.960691227013298,4.951782034951833,4.931903014260817,4.953837056417533,4.904953715275955,5.050823250913484,97.4580633338301,Si,143,30
509.76832789615884,5.041269271739783,4.958416495942636,4.966341318143543,5.052004225836147,5.032842049876912,4.921438035668468,114.49240287244912,Si,92.5,10
492.6442848721037,4.94076392258656,5.063776262164975,4.941468047687721,4.989318229024658,5.060457574741823,4.922121011695921,111.53724810584413,Si,92.5,30
491.52145626779446,5.026273033923459,4.945106420514675,5.0795364514898615,4.971443656154996,5.017236689508939,5.0169819108834295,131.97765092004943,No,Ninguna,0
500.64209727113905,4.979803781049189,5.058941876905165,4.912061552534043,5.073840777875598,4.985376093065807,5.061275790074657,119.37282677963833,Si,92.5,70
501.12826006470823,5.009813633561682,5.03429542433074,5.020907113164523,4.964858780581758,4.931621578234383,5.035274480803204,80.22511923650742,Si,90,30
505.4779464246861,5.03421906547434,4.930525414902999,4.912008403338966,5.033960719955988,4.962312453251792,5.078999680793629,131.77098442830254,No,Ninguna,0
493.7443093699639,5.0274847715130875,5.03890448274117,5.079569400865167,5.0083636450925955,5.047776747927741,4.950421604413581,141.05388346862696,Si,92.5,30
502.3592225191053,5.057599046052852,4.994491799644931,4.932679791632663,4.988478952315268,4.99652292193259,5.096549234289745,108.28897710339338,Si,143,30
491.7643978164284,5.093382140474184,5.009171372758055,4.998154630632477,4.916626438721709,5.057835057573689,5.030172699887844,110.064735807336,Si,143,10
497.68185536311637,4.9702881253375475,5.0616406024279055,5.065355607711503,4.9616219614881905,5.059367656675042,4.964200210314697,139.79440405439695,No,Ninguna,0
499.5014199813876,5.021116701912014,5.089119371157943,4.949536351171258,4.95310695088113,5.089674392259283,4.963184948338382,141.06316385253197,No,Ninguna,0
504.831792963716,4.990953288625867,5.099947335808972,4.982126844458985,5.022962444018134,5.062192645102487,4.922938074108105,97.51392785164789,Si,111,50
494.9551093856192,4.969709132781901,4.990115762769547,4.966301479542406,4.954588762312414,5.054237279673843,4.912131890430798,136.70548123550634,Si,90,10
499.9541487292187,4.907195651777221,5.0980619967150504,5.012743070161301,4.943010337354755,5.058861369490017,5.0469244231010375,94.18249058416633,No,Ninguna,0
509.850925151759,4.9835261962919715,5.085481458629622,4.991354232606719,4.985985339387071,5.092230131508605,5.014126900693695,101.08998164165172,Si,143,70
503.00719053671594,4.985535555835829,4.9614405174858955,4.9778094435274785,4.957434478670301,4.989869744727574,4.903776119085835,127.13685448428811,Si,111,30
500.64361114373554,5.018091462002069,4.939807809742122,5.0135347375403345,4.986272228773606,5.090117091092961,5.084507874628599,142.10727027636594,Si,135,30
498.61026717787064,4.905540721919914,5.083293849303153,5.0214768168618935,5.038977187888177,4.932010667927994,4.9497522378561305,137.62516486275118,Si,111,70
509.9109161561405,5.039464739849844,4.960510171995507,4.924103153741707,4.965158872667667,4.9345148046789085,5.025567299029671,87.4814298343801,Si,135,30
509.99914526742526,4.922600574189711,4.941662227259544,5.061248461686883,5.03220658271324,4.954943036044437,5.089713348844852,87.74971106797314,Si,111,30
507.9818902740175,5.0003253142511515,5.0243124066882405,5.013497067642246,4.925340549521728,5.060081414972216,4.988702578933401,109.78196389858606,Si,137.5,50
492.99655804426544,5.009121856830029,5.015762624010547,5.090886529376394,5.040906170481906,4.934806187543173,4.900774933212624,114.61248630726982,Si,92.5,10
504.6436276378928,4.913636334906269,5.019892050016184,5.069580881523319,4.953897718631286,5.061307724706557,4.973060530772982,117.43844308835388,No,Ninguna,0
502.5315355083056,4.946176350951103,5.089972049711122,5.080248235366543,5.041143903654852,4.955769628420945,5.0015027044312905,123.6786876970285,Si,143,70
495.4682661620014,5.020399754141393,4.971851686877228,4.986920072472718,5.087402521936999,4.96519102228171,5.092628218287191,110.15857841856835,Si,143,50
508.68276057165724,4.902322529908774,4.938633069426835,4.998915007644714,5.0725213123955974,4.966986779480812,5.088312057613059,90.92821031022451,Si,92.5,50
500.7511188990244,4.947350570225542,4.991145010584886,4.9857015149984765,4.998800146593687,5.097589234455385,4.995234630146529,115.72460862510667,No,Ninguna,0
490.4266619761336,4.980634332956243,5.0491653221408885,4.938476989106298,5.01654961214457,4.921721681875538,5.067992481444999,109.08228254447522,Si,135,10
500.3923447567756,5.01883144666736,4.968812039197971,4.916529504871154,4.998574851735572,4.926091135266168,4.924866771347376,120.39040234353538,Si,92.5,30
500.45351232343273,5.093606886358368,5.068690382880895,4.996177040756403,4.960693120207798,4.926620007502438,4.949173218007326,98.79582656941278,No,Ninguna,0
499.0364504214754,4.9012164328999654,4.99527711210668,5.035566904829573,4.962676438611093,5.079121611357453,4.971569129404466,133.07731078295205,No,Ninguna,0
509.4596767863654,4.991890323113889,4.999188456030089,5.0517294649710776,5.080823003327534,4.930663617023998,4.952089565922328,131.30038177676587,No,Ninguna,0
495.3822009217745,5.023190319847015,4.944791057548387,4.906160472828304,5.004926051943377,4.939856656535012,5.065273016351238,108.0762805499267,No,Ninguna,0
504.66078213696306,4.904585153451158,4.931356491594126,5.074173043963045,4.967634633438505,4.925966186484276,4.9491540638295115,109.2182748488147,Si,137.5,70
490.2991270737256,5.061798046045358,5.071447352219481,4.981793405949804,5.026420278468718,4.911147062934575,4.940043630658184,144.69282427495395,No,Ninguna,0
494.5644966255331,5.062705110038979,5.028121570980398,5.085255053388053,5.065873110839414,4.9375202654057455,4.914988867511045,103.90172780421914,Si,137.5,10
504.62599934184726,4.9163604361149895,4.991739858364862,5.083140824882497,5.057062415108096,4.993378200095404,5.006952302913684,104.35184963438257,No,Ninguna,0
508.1126236544016,4.901898358480629,5.06547531245255,5.039092963412577,4.933639797775767,4.929946750607888,4.998926384458484,81.98159765216388,Si,90,10
503.9798654428812,5.089814696365931,5.00298961487898,4.97980039085632,5.044388280276763,4.910449638847431,5.065397336477741,83.58227144872467,Si,90,50
491.9994156849866,4.979566388432673,4.920011397140881,4.9049492965552925,4.9357515484397,4.973578511011246,4.910310381698623,103.08559348489604,No,Ninguna,0
506.82104903559105,4.938379030552043,5.0366713401577545,5.013008807049078,5.0747857939101095,4.902043182020575,5.038897652203571,119.94586392022677,Si,30,70
490.26126538602745,5.093071930168667,4.960175366480547,5.062791608569467,4.944149965434057,4.918685908168979,4.987177950059011,82.78985797372181,Si,143,50
497.43770260090247,5.028168080220573,5.079973614739307,4.905447765925376,4.949784712802772,5.091920822843496,5.068131662620791,99.1696655066048,Si,143,30
499.953972942634,4.985791390885523,5.065508987152245,4.913596611963756,5.007280702532957,5.07897662007255,5.040453564041538,82.76234716985938,No,Ninguna,0
491.07289229158874,5.063744961322371,4.964212046490604,4.99466154662301,4.930061578471745,5.0805800291983365,5.078807655864768,138.19721912146304,No,Ninguna,0
500.2970982304316,4.920570171446617,4.927244232170033,5.035512174782574,5.094370652193069,4.918463609886007,4.936684244345115,132.1423252684317,No,Ninguna,0
497.7276014225308,4.9602020943767275,5.057989003646409,5.045544753205179,4.957175796714935,4.983600945397041,5.0968038469357415,90.76927067621551,Si,137.5,50
501.15076841173203,4.920050411120146,5.094334723237338,5.077025718931936,5.077543055346378,5.09810180287287,5.008431453409912,134.1065498640393,Si,111,10
498.2942010566714,4.98613696114665,5.039667042819829,5.059319566755519,4.96567277271538,5.075285999063995,5.035552560037903,126.07737619379633,Si,143,70
500.7026124940534,5.092920298965217,4.973282800702336,4.906619583015215,5.055522327832014,4.903810210887844,5.06006866835192,134.41332633452677,Si,111,50
508.2842191681898,4.999580902480145,4.965273661570266,4.914936615588308,4.915307844998394,4.972116685972863,4.919522291009908,104.26864545527967,Si,90,50
501.96812649762654,4.979102420449317,5.0205062425120115,5.0569574064820815,5.016540092774406,5.0316984550223545,5.076747665240192,143.76852536594595,Si,30,30
491.84457515471695,4.969283699321108,4.903334106157448,5.070080788681163,4.986625218568112,4.966366435897579,5.062762306301953,87.67900939224288,No,Ninguna,0
493.8690371783547,5.064967832363586,5.001820925907455,4.9301822180935275,5.005819649447428,5.09017727221711,5.083900860621912,104.1305000416707,No,Ninguna,0
490.7326524145682,5.095169856452658,5.001851000969852,5.066764770347828,4.901797624449468,5.077472129186879,4.968145574104402,103.6100946159975,Si,92.5,70
495.64209254699705,4.998940799855597,4.994807455347961,4.962064091934412,4.973317837376833,4.9683805889323,5.0998214726987845,103.59684867649324,Si,30,30
505.6553224984871,4.97004929318618,4.930831807349686,5.015503277906588,5.0422058381436505,5.0777542111600775,4.9098029253680355,112.14279988549814,Si,135,50
508.2179680590215,5.0956209672836446,4.9759030623353215,4.947903195299223,4.995391857717956,4.972529021428351,5.085671833323299,133.10166290036554,No,Ninguna,0
508.66837722820804,5.094699270576499,5.010004546776845,5.049774572484431,4.995614794117022,5.070094265933582,4.928779495780771,120.93681159736619,No,Ninguna,0
492.27394856512666,5.0430746084804605,4.91581560274834,4.982836161213646,5.000843392326753,5.0867260224918285,5.030361484511344,93.31595254169129,No,Ninguna,0
506.79334805899464,5.0815108182098525,5.086067608755138,5.090110590944827,5.033729579079449,5.019617147092846,5.068385518963686,139.54511973801783,No,Ninguna,0
502.6224347629696,4.9794494221553,5.0599110199470685,5.0261065035805945,5.007922565247515,4.963644330262661,4.9830983453563755,90.80596175956596,No,Ninguna,0
492.3113535566958,5.081036330000322,5.043886986903944,4.97032273380195,5.031631887350794,5.064405358188596,4.934914850720143,129.6189525768962,No,Ninguna,0
503.35243112259536,4.916694124337719,5.059987402780019,5.012411032795635,4.972331678863532,4.911257009182592,4.967306250743959,101.16097946354107,No,Ninguna,0
501.0262587555846,5.004254346645465,4.939991265117015,5.005188672526379,5.002303981810034,4.948627819138668,5.073094443992354,137.4491749879051,Si,92.5,70
497.43765358189495,5.048914574729097,5.053268787414082,5.067225430806012,5.0630703381297195,4.942137436649633,5.029082436096346,89.93130577299574,Si,90,30
491.1669616310478,5.045578230306738,5.079735956862054,5.060420181710777,4.973610665057427,4.943670936029699,4.908763150130251,133.71159791666736,Si,135,50
499.532387680557,4.98874649754912,4.93497825607805,4.992491296374218,4.916527493601142,4.97699081935927,4.98227649879242,103.83891628763996,Si,111,30
493.5559209527335,4.910114961185268,4.954134875417796,4.999793828078106,5.038894004669713,4.968470108936001,5.073956181805596,122.68363428104381,Si,143,50
491.1526466998024,4.934047727731642,4.911589156320793,4.964623496551692,5.019672048423691,5.015943149164317,4.937694190525869,93.51790859811175,Si,30,10
504.2457929554905,5.067674960266444,5.0280541702739825,4.965130123027451,4.952068494886275,4.9668939802652865,5.097472477111275,126.42966751905581,Si,143,50
502.31742615216075,5.045455548197745,5.045863162288212,4.982199993108437,5.017596444225351,5.012101036444843,5.056399587378902,98.66985529036086,Si,135,70
495.03879277485885,5.041485540735704,5.028969758754349,4.903202301594175,5.032892886366441,5.090236265095124,4.970253876152301,108.4807730371946,No,Ninguna,0
504.8350514864728,5.075439587426021,4.943893266593147,4.99350239861016,4.951123110277877,4.924450078259406,5.008802986249029,80.31397784643066,Si,143,30
490.4061341486945,4.93815870197264,4.925948363778896,5.039080904204439,5.066410439808976,4.9906673820185325,5.01657270477072,115.00771592614808,Si,143,50
495.70302376649437,4.998230602332338,4.9044804394482115,4.984945362207946,4.930393388673326,5.051623551460225,5.016481988633322,131.3252946993233,Si,111,50
497.54974907163046,4.935405084737637,4.923284534188798,4.98803347678702,5.009161090883995,5.0175106648269185,5.003850270195921,90.26456068887525,Si,135,30
495.54977049322696,4.92183425045676,5.02739992499156,4.988257477106692,4.9289466453746655,4.978385109731915,4.935908806077994,111.70025104402106,Si,30,30
506.0682634050298,5.039789800712298,5.000451331238459,5.095760869538815,5.079977632966106,5.096261760983606,4.914310146306221,86.43348457252806,Si,30,30
500.1296338242719,5.030578912010865,4.944620472926238,5.096535231059138,5.01117210266446,4.987691719940868,5.004190507245491,125.0919153339971,Si,30,50
495.9303925215338,5.0910037461246045,5.061416787752402,4.970049058451975,4.932490469408438,5.002043652079808,5.092744042187026,85.32946204581386,Si,90,10
496.743649140502,4.972428759457234,4.914037902002431,4.97398962988855,4.988257168810881,5.087341405460854,4.970335748871087,84.30752221141537,Si,30,30
509.48387684824183,5.024728513959682,5.039937320717884,5.00936957661684,5.082167248652395,5.0520984213176305,4.95444965703859,123.24584626011489,Si,90,10
499.23487268461497,5.091123743492982,5.037146120216279,5.0802171381026895,5.091013805829206,4.935092283272981,4.944333962222122,103.1087686283371,No,Ninguna,0
491.08875500192386,5.0663968424508905,5.060562444407971,5.067606114393673,5.083966883182766,5.053950263494176,5.096353505174097,129.86890199734,No,Ninguna,0
